experiment,data,datasize,augment,rand,schedule,optim,lr,chckpnt,wdecay,model,dropout,encoder,enc_zy_nhid,enc_zy_nlay,enc_zy_kpru,enc_zx_nhid,enc_zx_nlay,enc_zx_kpru,beta,nskip,zdim,minimax,mchead,clfs,run,,epochs,test_I_xz_toagg,train_I_xz_toagg,train_DIQ_yz_toagg,test_DIQ_yz_toagg,train_DIQ_xz_toagg,train_d_DIQ_xz_toagg,train_H_zCx_toagg,test_H_zCx_toagg,train_H_Q_yCz_toagg,test_H_Q_yCz_toagg,train_DIQ_xzCy_toagg,train_acc_toagg,test_acc_toagg,train_loss_toagg,test_loss_toagg,train_loglike_toagg,test_loglike_toagg,train_H_Q_xCz_toagg,train_d_H_Q_xCz_toagg,train_H_Q_xCzy_toagg,train_h_acc_toagg,train_h_delta_acc_toagg,train_z_norm_toagg,test_z_norm_toagg,train_z_mean_norm_toagg,test_z_mean_norm_toagg,train_z_std_toagg,test_z_std_toagg
QminimalityQsFinal,cifar10,all,False,False,decay,adam,5e-05,last,0,cdib,0,mlpl,128,1,0,128,1,0,0.0,0,1024,5,1,default,2,transformer,best,,,3.321927309036255,-2.088529109954834,,12.225475788116455,,,6.787638720983192e-07,5.410457134246826,,1.0,0.5333,,,-4.6495351170392506e-07,-3.7507850892501415,,0.0124188256026669,,,0.8666073429014353,1.0041626502167096,0.9781424283981324,0.5195138562809337,0.5140722274780274,0.0062061204702000715,0.006202077679336071
QminimalityQsFinal,cifar10,all,False,False,decay,adam,5e-05,last,0,cdib,0,mlpl,128,1,0,128,1,0,0.0,0,1024,5,1,default,1,transformer,best,,,3.3219247839667583,-1.7506697654724122,,12.227811423215,,,3.232365594902314e-06,5.072597789764403,,1.0,0.5379,,,-2.2332020447392e-06,-3.5149442789564884,,0.010067123432897708,,,0.8666378939051661,0.9960880225354974,0.971717131137848,0.5095805281942541,0.5044480800628662,0.006094664716246453,0.006093966588377952
QminimalityQsFinal,cifar10,all,False,False,decay,adam,5e-05,last,0,cdib,0,mlpl,128,1,0,128,1,0,0.0,0,1024,5,1,default,0,transformer,best,,,3.3219266696409746,-1.911210346221924,,12.228489875793455,,,1.3270494398718504e-06,5.233138370513916,,1.0,0.5405,,,-9.125293496541391e-07,-3.625502215981909,,0.009399205107580532,,,0.8666394537667717,1.003530434586785,0.980243682861328,0.5163549022241072,0.5112147569656372,0.006052094786851244,0.006051780935376882
QminimalityQsFinal,cifar10,all,False,False,decay,adam,5e-05,last,0,cdib,0,mlpl,128,1,0,128,1,0,0.0,0,1024,5,1,default,4,transformer,best,,,3.3219272765246304,-2.0564193725585938,,12.227881561626088,,,8.13710507620933e-07,5.378347396850586,,1.0,0.5373,,,-5.583593679405555e-07,-3.7244737541685065,,0.010006582364439964,,,0.8666431305834131,0.998868855563077,0.9749635338783263,0.5082889551466162,0.5034038901329041,0.006051506571979685,0.0060486731119453905
QminimalityQsFinal,cifar10,all,False,False,decay,adam,5e-05,last,0,cdib,0,mlpl,128,1,0,128,1,0,0.0,0,1024,5,1,default,3,transformer,best,,,3.321927309036255,-2.06395320892334,,12.228713425722988,,,7.611966426876197e-07,5.385881233215332,,1.0,0.5352,,,-5.214375742508222e-07,-3.732533937533266,,0.009184757840226996,,,0.8666487460851932,1.0011238076470117,0.975005066394806,0.5219856798648834,0.5165310144424439,0.006107852963561361,0.006105841975659132
QminimalityQsFinal,cifar10,all,False,False,decay,adam,5e-05,last,0,cdib,0,mlpl,128,1,0,128,1,0,0.01,0,1024,5,1,default,2,transformer,best,,,3.319148172031749,-0.24835195541381835,,3.2097302241758867,,,0.0027798355281860986,3.5702799797058105,,1.0,0.5312,,,-0.0019267819640440016,-2.4743004924474024,,9.028164300051602,,,0.3073511642450484,0.9663139256564054,0.9700186610221864,2.279011758891019,2.2970078945159917,0.1093826795166189,0.111075259745121
QminimalityQsFinal,cifar10,all,False,False,decay,adam,5e-05,last,0,cdib,0,mlpl,128,1,0,128,1,0,0.01,0,1024,5,1,default,3,transformer,best,,,3.3187650658867587,-0.3805596351623535,,3.798696528781544,,,0.0031629593365571714,3.7024876594543463,,1.0,0.525,,,-0.002192474424803481,-2.564706882110132,,8.439201701771129,,,0.3443302016660392,1.0206034671176565,1.020595169067383,2.1120361306450586,2.1277257919311525,0.07666756619106639,0.07791767567396164
QminimalityQsFinal,cifar10,all,False,False,decay,adam,5e-05,last,0,cdib,0,mlpl,128,1,0,128,1,0,0.01,0,1024,5,1,default,1,transformer,best,,,3.319135730916804,-0.20689215660095212,,3.1171295100992378,,,0.002792312636632811,3.528820180892944,,1.0,0.5343,,,-0.0019356103900606187,-2.444791848766967,,9.120749083432283,,,0.2970241450532243,1.0075081939047033,1.019198298454285,1.97201759706844,1.9972864866256717,0.055228952995755455,0.05686769634485245
QminimalityQsFinal,cifar10,all,False,False,decay,adam,5e-05,last,0,cdib,0,mlpl,128,1,0,128,1,0,0.01,0,1024,5,1,default,0,transformer,best,,,3.3193636482412163,-0.2625840663909912,,3.6532728346911343,,,0.0025643630440092893,3.5845120906829835,,1.0,0.5321,,,-0.0017773974822384703,-2.484155616363564,,8.584616010839289,,,0.3340862116791028,1.0190637355501002,1.0189913868904117,2.1430527730421587,2.158942699432373,0.054812443357977,0.05549894496798515
QminimalityQsFinal,cifar10,all,False,False,decay,adam,5e-05,last,0,cdib,0,mlpl,128,1,0,128,1,0,0.01,0,1024,5,1,default,4,transformer,best,,,3.319078640504317,-0.21503148078918455,,3.377866040576588,,,0.002849356779320673,3.536959505081177,,1.0,0.5227,,,-0.0019749039776910623,-2.450285340803776,,8.860022068023682,,,0.31382900208789705,0.9823199591853402,0.9810051083564758,2.2357142730192705,2.253666114807129,0.07624322040514513,0.07735208123922348
QminimalityQsFinal,cifar10,all,False,False,decay,adam,5e-05,last,0,cdib,0,mlpl,128,1,0,128,1,0,1000.0,0,1024,5,1,default,1,transformer,best,,,0.3829975019801747,0.3847661018371582,,0.008326064456592907,,,2.9389305223118174,2.937161922454834,,0.272,0.275,,,-2.0371141598595512,-2.0359990111470223,,12.229552442377264,,,0.009575143614229646,0.9943349740721964,0.9939737915992736,43.55486852472479,44.184757232666016,0.005941222654655576,0.005828999541699886
QminimalityQsFinal,cifar10,all,False,False,decay,adam,5e-05,last,0,cdib,0,mlpl,128,1,0,128,1,0,1000.0,0,1024,5,1,default,0,transformer,best,,,0.28999678655104205,0.2972874164581299,,0.005577542565085671,,,3.03193123774095,3.0246406078338617,,0.2367111111111111,0.2395,,,-2.101566561824745,-2.096783042752743,,12.232311465523459,,,0.008722545544393483,1.0071851286021145,1.011979615688324,53.40191442316229,54.43790817260742,0.01299758069217205,0.013113383203744888
QminimalityQsFinal,cifar10,all,False,False,decay,adam,5e-05,last,0,cdib,0,mlpl,128,1,0,128,1,0,1000.0,0,1024,5,1,default,3,transformer,best,,,0.30616060170260345,0.3079439640045166,,0.004557046023282138,,,3.0157674225893887,3.013984060287476,,0.2482,0.2505,,,-2.0903838974462614,-2.0894284653544424,,12.233341043645686,,,0.009807562993451077,1.026336201212623,1.0270089387893675,51.24494882063432,52.21718826293945,0.007354772226376967,0.007297608070075513
QminimalityQsFinal,cifar10,all,False,False,decay,adam,5e-05,last,0,cdib,0,mlpl,128,1,0,128,1,0,1000.0,0,1024,5,1,default,2,transformer,best,,,0.28466838056390936,0.28908567428588866,,0.003632209517739036,,,3.037259643728083,3.032842350006104,,0.23484444444444444,0.2388,,,-2.105253457016415,-2.1025712990641594,,12.234262249686502,,,0.008944023608639102,0.9779833473942496,0.9906978249549866,55.19822380759499,56.453279876708976,0.0048480122561820535,0.004793323297053576
QminimalityQsFinal,cifar10,all,False,False,decay,adam,5e-05,last,0,cdib,0,mlpl,128,1,0,128,1,0,1000.0,0,1024,5,1,default,4,transformer,best,,,0.3123049085790461,0.3129918098449707,,0.004005800593983044,,,3.0096231157129463,3.0089362144470213,,0.25326666666666664,0.2488,,,-2.0861131973624234,-2.0858693123698235,,12.233882297169078,,,0.006527463725641201,1.005579715425318,1.0106579303741454,46.41041582280939,47.30599899291993,0.005551631371913986,0.0055121492594480525
QminimalityQsFinal,cifar10,all,False,False,decay,adam,5e-05,last,0,cdib,0,mlpl,128,1,0,128,1,0,100.0,0,1024,5,1,default,1,transformer,best,,,0.686154842376709,0.6863566398620605,,0.007827108556574041,,,2.635773181915283,2.635571384429932,,0.3622,0.3681,,,-1.8269731636865272,-1.826892059199512,,12.23005130074241,,,0.009568347074377051,1.0045641606504268,1.017506444454193,49.34921455383301,50.61671142578125,0.015455150849778544,0.015582231618463994
QminimalityQsFinal,cifar10,all,False,False,decay,adam,5e-05,last,0,cdib,0,mlpl,128,1,0,128,1,0,100.0,0,1024,5,1,default,4,transformer,best,,,0.8062190359288995,0.7963741302490235,,0.003463387489318848,,,2.5157089883630928,2.5255538940429694,,0.3888666666666667,0.3947,,,-1.7437522628774245,-1.750195214138925,,12.23442454771562,,,0.007397821934042989,1.0121521082791416,1.0094313621520996,40.57309584184127,41.110443878173825,0.0076628388752314185,0.007486655283719302
QminimalityQsFinal,cifar10,all,False,False,decay,adam,5e-05,last,0,cdib,0,mlpl,128,1,0,128,1,0,100.0,0,1024,5,1,default,0,transformer,best,,,0.8258020335977728,0.8171195983886719,,0.0057407184080644075,,,2.4961259906942197,2.5048084259033203,,0.3926,0.3907,,,-1.7301856413034928,-1.7360008713766932,,12.232148170471193,,,0.008498571701579043,1.000016139312224,0.9989555478096008,45.84074609929865,46.689491271972656,0.009675201324915344,0.00962128471583128
QminimalityQsFinal,cifar10,all,False,False,decay,adam,5e-05,last,0,cdib,0,mlpl,128,1,0,128,1,0,100.0,0,1024,5,1,default,3,transformer,best,,,0.7134212688966229,0.7104418277740479,,0.010369420051574707,,,2.608506755395369,2.6114861965179443,,0.3668222222222222,0.3732,,,-1.8081043775432641,-1.810100208851695,,12.22752874547785,,,0.010330384036144578,1.035683810710907,1.0344234466552735,34.701431621204726,35.269595336914065,0.0060646332885054026,0.006044355221092701
QminimalityQsFinal,cifar10,all,False,False,decay,adam,5e-05,last,0,cdib,0,mlpl,128,1,0,128,1,0,100.0,0,1024,5,1,default,2,transformer,best,,,0.7589764920147982,0.7511941432952881,,0.0020432580601085315,,,2.562951532277194,2.570733880996704,,0.3802,0.3823,,,-1.776491979417867,-1.781914710725844,,12.235851287841795,,,0.008157920210672236,0.996229887008667,0.9934629201889038,43.69717788696289,44.398590850830075,0.006480347830802202,0.006412898190319538
QminimalityQsFinal,cifar10,all,False,False,decay,adam,5e-05,last,0,cdib,0,mlpl,128,1,0,128,1,0,0.1,0,1024,5,1,default,0,transformer,best,,,2.910350051793185,-0.6616722583770752,,1.3153930143876509,,,0.4115779630162499,3.9836002826690673,,0.9182888888888888,0.4442,,,-0.2852522357690549,-2.7583670108123433,,10.92249584197998,,,0.14238343198789474,0.9896466677839104,1.0074350118637083,6.9196861223741015,7.005812263488768,0.007816146000881086,0.007901332154870034
QminimalityQsFinal,cifar10,all,False,False,decay,adam,5e-05,last,0,cdib,0,mlpl,128,1,0,128,1,0,0.1,0,1024,5,1,default,2,transformer,best,,,3.305990836837075,0.2848660945892334,,0.8297295245257291,,,0.01593717945400964,3.037061929702759,,0.9999777777777776,0.5095,,,-0.011046863526194734,-2.1045537240892638,,11.40816506472501,,,0.11100322811130887,0.9611975008791144,0.9663574099540709,5.481252041730014,5.559653568267822,0.014848958277566866,0.014738488756120206
QminimalityQsFinal,cifar10,all,False,False,decay,adam,5e-05,last,0,cdib,0,mlpl,128,1,0,128,1,0,0.1,0,1024,5,1,default,3,transformer,best,,,3.309522184458647,0.2965065956115723,,0.8051417524164374,,,0.012405827599154278,3.02542142868042,,0.9999333333333332,0.5135,,,-0.008599557480924948,-2.097904652501365,,11.432756423950195,,,0.11050039558090316,1.020201661370017,1.0247801542282104,5.7348030697215675,5.806283473968506,0.010600280143659224,0.010625004395842552
QminimalityQsFinal,cifar10,all,False,False,decay,adam,5e-05,last,0,cdib,0,mlpl,128,1,0,128,1,0,0.1,0,1024,5,1,default,4,transformer,best,,,3.30639788237485,0.3157134532928467,,0.7061433466998014,,,0.01553011939606883,3.0062145709991457,,0.9999333333333332,0.5138,,,-0.010764320457283849,-2.0821708440753266,,11.531744653528387,,,0.10187638872250364,1.0111869140104814,1.0170932531356809,6.149644028056753,6.22485990524292,0.011338126633993605,0.011299048364162446
QminimalityQsFinal,cifar10,all,False,False,decay,adam,5e-05,last,0,cdib,0,mlpl,128,1,0,128,1,0,0.1,0,1024,5,1,default,1,transformer,best,,,3.189326654780994,-0.16966695785522462,,1.1320000832731074,,,0.1326013651083816,3.491594982147217,,0.9773777777777778,0.4872,,,-0.09191597037433613,-2.417235687348579,,11.105878353118896,,,0.1313553887068159,0.9944930889389731,1.0010857462882996,4.944781390103427,5.012552642822267,0.010581670117310505,0.010480557568371296
QminimalityQsFinal,cifar10,all,False,False,decay,adam,5e-05,last,0,cdib,0,mlpl,128,1,0,128,1,0,1.0,0,1024,5,1,default,2,transformer,best,,,3.143449414860118,0.8978222370147705,,0.28930556774139404,,,0.17847860536792062,2.4241057872772216,,0.9916666666666668,0.5026,,,-0.12371259850593687,-1.6794054587441205,,11.948588891462846,,,0.06451892887601543,0.9650846204974436,0.977229905128479,11.573861772363836,11.712724876403806,0.007636098127642816,0.007721138652414083
QminimalityQsFinal,cifar10,all,False,False,decay,adam,5e-05,last,0,cdib,0,mlpl,128,1,0,128,1,0,1.0,0,1024,5,1,default,3,transformer,best,,,2.4379195841875942,0.09499583244323732,,1.661039254882119,,,0.8840084238485857,3.226932191848755,,0.8242888888888888,0.435,,,-0.6127623045942727,-2.2361302713174362,,10.57685882394964,,,0.16240657320332466,1.0253954258832063,1.032064390182495,8.268677928230979,8.354368591308594,0.009090335700999607,0.009073530696332457
QminimalityQsFinal,cifar10,all,False,False,decay,adam,5e-05,last,0,cdib,0,mlpl,128,1,0,128,1,0,1.0,0,1024,5,1,default,1,transformer,best,,,3.1676913066343833,0.8760262489318847,,0.620333194732666,,,0.15423672917214307,2.4459017753601078,,0.9919333333333332,0.5129,,,-0.1069156971902248,-1.6944147181635687,,11.617545344612815,,,0.08358638745322199,0.9947156499732625,1.014731514453888,10.496180751106957,10.655216598510744,0.007694737541235307,0.007758116722106935
QminimalityQsFinal,cifar10,all,False,False,decay,adam,5e-05,last,0,cdib,0,mlpl,128,1,0,128,1,0,1.0,0,1024,5,1,default,0,transformer,best,,,2.3092775669964882,-0.2796019077301025,,0.17632658915086227,,,1.0126504627141086,3.6015299320220953,,0.8158444444444445,0.4122,,,-0.7019347508756132,-2.4942276300131576,,12.06156232140281,,,0.05085605650585296,0.9878933158787814,0.9990209817886352,12.565921263261275,12.739197540283206,0.0060558340046554795,0.006082195509225129
QminimalityQsFinal,cifar10,all,False,False,decay,adam,5e-05,last,0,cdib,0,mlpl,128,1,0,128,1,0,1.0,0,1024,5,1,default,4,transformer,best,,,3.1010135412216187,0.8376217365264893,,0.4002078879963268,,,0.2209144871343266,2.484306287765503,,0.9821555555555556,0.4979,,,-0.15312000155722494,-1.7206981212184882,,11.837680209766734,,,0.06699438467649005,1.0172010714357549,1.0363251447677613,11.234664223410867,11.398305511474607,0.006677287249741229,0.00674987118691206
QminimalityQsFinal,cifar10,all,False,False,decay,adam,5e-05,last,0,cdib,0,mlpl,128,1,0,128,1,0,10.0,0,1024,5,1,default,4,transformer,best,,,1.9154524423859336,1.3864357709884645,,0.008183186704462225,,,1.4064755819060586,1.9354922533035281,,0.6804222222222223,0.5262,,,-0.9748551213389554,-1.3416432200071111,,12.22970490022139,,,0.01006872839368839,1.0232374424284154,1.032252597808838,22.87678796594793,23.18266143798828,0.0038897582774304533,0.0038469361141324045
QminimalityQsFinal,cifar10,all,False,False,decay,adam,5e-05,last,0,cdib,0,mlpl,128,1,0,128,1,0,10.0,0,1024,5,1,default,0,transformer,best,,,2.1543505083430903,1.4017817735671998,,0.008442596955732866,,,1.1675775159489026,1.9201462507247924,,0.7476,0.5393,,,-0.8093221059175809,-1.3309307157447547,,12.229446281086314,,,0.01135790944317041,0.996254246343266,0.9995791912078856,22.73516238819469,22.98642349243164,0.003931886484761807,0.003918276354670525
QminimalityQsFinal,cifar10,all,False,False,decay,adam,5e-05,last,0,cdib,0,mlpl,128,1,0,128,1,0,10.0,0,1024,5,1,default,1,transformer,best,,,1.8970411799170757,1.4025034189224244,,0.012181065299294212,,,1.4248868443749168,1.919424605369568,,0.6850222222222222,0.5362,,,-0.9876754387659306,-1.3302710374696995,,12.225697474046187,,,0.012038343359232385,0.9904690059748564,0.99691162109375,20.546996896917168,20.903862762451173,0.0040700664024122726,0.004013005644083023
QminimalityQsFinal,cifar10,all,False,False,decay,adam,5e-05,last,0,cdib,0,mlpl,128,1,0,128,1,0,10.0,0,1024,5,1,default,2,transformer,best,,,1.9091482812708076,1.3734445333480836,,0.006418325684287332,,,1.4127797430211848,1.9484834909439088,,0.6834222222222223,0.5299,,,-0.9792236955898344,-1.3501621755136053,,12.231476176868785,,,0.013596511400716505,0.9982321777127006,1.0007644772529602,18.72691674665971,19.005898666381835,0.0045961960515176715,0.004533757735043764
QminimalityQsFinal,cifar10,all,False,False,decay,adam,5e-05,last,0,cdib,0,mlpl,128,1,0,128,1,0,10.0,0,1024,5,1,default,3,transformer,best,,,2.0568974289027127,1.378027153015137,,0.0189270864833485,,,1.2650306062264876,1.9439008712768555,,0.7240222222222222,0.5334,,,-0.8768505365036573,-1.3478295543181564,,12.218971122394908,,,0.016771498280052026,1.037491104819558,1.034346354007721,19.00625671039928,19.259888076782225,0.0036424034359780226,0.003551012650132179
QminimalityQsFinal,cifar10,all,False,False,decay,adam,5e-05,last,0,cdib,0,mlpl,128,1,0,128,1,0,0.001,0,1024,5,1,default,0,transformer,best,,,3.3218964880163018,-1.3871322631835938,,12.157134142788975,,,3.1536825851865366e-05,4.709060287475586,,1.0,0.5394,,,-2.185133767956447e-05,-3.2608520122950333,,0.08075485886497931,,,0.8660839647653112,1.0042601011016152,0.9862982869148256,0.5267300822518088,0.5227707862854004,0.006530787689949979,0.006525752134621143
QminimalityQsFinal,cifar10,all,False,False,decay,adam,5e-05,last,0,cdib,0,mlpl,128,1,0,128,1,0,0.001,0,1024,5,1,default,2,transformer,best,,,3.321897929364985,-1.4482306480407714,,12.165112538771195,,,3.008120537825479e-05,4.770158672332764,,1.0,0.536,,,-2.0842918921590423e-05,-3.3044868988516822,,0.07278204793957146,,,0.8661743921709566,1.0057249611074277,0.9854601860046388,0.5321760502728549,0.527679979801178,0.006645061731846496,0.006641280185431242
QminimalityQsFinal,cifar10,all,False,False,decay,adam,5e-05,last,0,cdib,0,mlpl,128,1,0,128,1,0,0.001,0,1024,5,1,default,3,transformer,best,,,3.3218987096439707,-1.4446945190429688,,12.144007726149125,,,2.9333270586820696e-05,4.766622543334961,,1.0,0.5279,,,-2.032454037649324e-05,-3.3036222977626566,,0.09389042972841044,,,0.8660320659413222,1.0032089488072828,0.9831595301628112,0.5267851054668427,0.5223474621772766,0.006523948501456867,0.00652044927701354
QminimalityQsFinal,cifar10,all,False,False,decay,adam,5e-05,last,0,cdib,0,mlpl,128,1,0,128,1,0,0.001,0,1024,5,1,default,4,transformer,best,,,3.321899793364785,-1.4256605148315429,,12.158473404971035,,,2.8228115380360663e-05,4.747588539123536,,1.0,0.5336,,,-1.9556850260884554e-05,-3.287050022074063,,0.07941475392065266,,,0.8662043192300451,0.9993783452294088,0.9801165461540222,0.525522611357949,0.5216209769248963,0.006441482935439457,0.006434890069067478
QminimalityQsFinal,cifar10,all,False,False,decay,adam,5e-05,last,0,cdib,0,mlpl,128,1,0,128,1,0,0.001,0,1024,5,1,default,1,transformer,best,,,3.321890104900707,-1.4022580146789552,,12.09109878540039,,,3.794391390825199e-05,4.724186038970947,,1.0,0.5409,,,-2.629433194927897e-05,-3.2729296854084913,,0.14677972583608193,,,0.8653828069736331,0.9950836327942936,0.9736206173896791,0.5195528160442006,0.5151181936264038,0.0067435862835158,0.006739071570336819
QminimalityQsFinal,cifar10,all,False,False,decay,adam,5e-05,last,0,cdib,0,mlpl,128,1,0,128,1,0,0.0001,0,1024,5,1,default,1,transformer,best,,,3.3219243504784326,-1.665748119354248,,12.22764522379095,,,3.666532145209864e-06,4.98767614364624,,1.0,0.5415,,,-2.533934763788497e-06,-3.4552138294884904,,0.010233316993848844,,,0.8666545398568707,0.9960765621878884,0.9738547444343568,0.5201471529223702,0.5154662013053894,0.006158504021269354,0.0061557102017104634
QminimalityQsFinal,cifar10,all,False,False,decay,adam,5e-05,last,0,cdib,0,mlpl,128,1,0,128,1,0,0.0001,0,1024,5,1,default,0,transformer,best,,,3.321925347501581,-1.9034646034240723,,12.210648883472786,,,2.6399989110359456e-06,5.225392627716063,,1.0,0.5373,,,-1.8233814161669042e-06,-3.621843751654204,,0.02724007855762135,,,0.8665224641463581,1.0029916248538278,0.980957078933716,0.5266187191009521,0.5218814134597778,0.005939705953509971,0.005937277805060147
QminimalityQsFinal,cifar10,all,False,False,decay,adam,5e-05,last,0,cdib,0,mlpl,128,1,0,128,1,0,0.0001,0,1024,5,1,default,3,transformer,best,,,3.3219247406179253,-1.8359622001647948,,12.196942156011408,,,3.3048128629657602e-06,5.157890224456788,,1.0,0.5355,,,-2.2847221222641497e-06,-3.572815834860237,,0.040955985726957966,,,0.8664377413774417,1.0028895031322131,0.9781202912330628,0.5233834331685846,0.5182401418685914,0.006197029470720075,0.006193399708718061
QminimalityQsFinal,cifar10,all,False,False,decay,adam,5e-05,last,0,cdib,0,mlpl,128,1,0,128,1,0,0.0001,0,1024,5,1,default,2,transformer,best,,,3.32192366773432,-1.7283154487609864,,12.228356491435658,,,4.3672581465547084e-06,5.050243473052978,,1.0,0.5366,,,-3.019848785406667e-06,-3.4994147922803256,,0.009537998650392348,,,0.8666406348048443,1.0033449855717749,0.9808770298957824,0.5283892913298174,0.5235922694206238,0.006148084172640334,0.006146236509084703
QminimalityQsFinal,cifar10,all,False,False,decay,adam,5e-05,last,0,cdib,0,mlpl,128,1,0,128,1,0,0.0001,0,1024,5,1,default,4,transformer,best,,,3.321924133734269,-1.7449538230895996,,12.227452928369695,,,3.883454703348186e-06,5.066881847381592,,1.0,0.5374,,,-2.6847669143712157e-06,-3.508187164247102,,0.010435173584317621,,,0.8666431305834131,0.9993829483335668,0.9793958067893982,0.5205147347667001,0.5163484215736389,0.006001737053421411,0.005998075474053621
QminimalityQsFinal,cifar10,all,False,False,decay,adam,5e-05,last,0,vib,0,mlpl,128,1,0,128,1,0,10.0,0,1024,5,1,default,0,transformer,best,139.11036682128906,21.460412892428312,3.289048812606118,0.4763143062591553,,,2078.409734552557,2091.59169921875,0.032879195091399284,2.845613718032837,,1.0,0.4689,,,-0.022790731066921286,-1.970426438493416,,,,,,1.0022270842032,1.179036259651184,0.12850987166166306,0.11191124618053436,0.9887216199528088,1.0362215042114258
QminimalityQsFinal,cifar10,all,False,False,decay,adam,5e-05,last,0,vib,0,mlpl,128,1,0,128,1,0,10.0,0,1024,5,1,default,1,transformer,best,145.88762512207032,21.21225287697532,3.288944428617304,0.5066848754882812,,,2077.8206121271305,2087.794970703125,0.03298360083929517,2.8152431488037117,,1.0,0.4708,,,-0.022862736610750896,-1.950696974013796,,,,,,1.0003132928501477,1.181973361968994,0.12806857377290726,0.11042566746473312,0.9883145066824828,1.0356438159942627
QminimalityQsFinal,cifar10,all,False,False,decay,adam,5e-05,last,0,vib,0,mlpl,128,1,0,128,1,0,10.0,0,1024,5,1,default,2,transformer,best,141.31270141601559,21.489464846524324,3.287769090045582,0.4330124855041504,,,2079.235684481534,2085.226904296875,0.034158939834345474,2.888915538787842,,1.0,0.4665,,,-0.02367657072582267,-2.0028524333294566,,,,,,1.0007399130951276,1.1702574491500854,0.12927831235257062,0.11062607020139696,0.9892706898125736,1.0327754259109496
QminimalityQsFinal,cifar10,all,False,False,decay,adam,5e-05,last,0,vib,0,mlpl,128,1,0,128,1,0,10.0,0,1024,5,1,default,3,transformer,best,134.621240234375,21.60900809548118,3.2886420379985464,0.4715988159179688,,,2073.7802179509945,2085.04638671875,0.033285961909727615,2.8503292083740237,,1.0,0.4692,,,-0.02307195849573736,-1.9752407588303689,,,,,,0.9977411844513632,1.165775442123413,0.12871431152928958,0.11140813380479812,0.9856320294466886,1.0306119918823242
QminimalityQsFinal,cifar10,all,False,False,decay,adam,5e-05,last,0,vib,0,mlpl,128,1,0,128,1,0,10.0,0,1024,5,1,default,4,transformer,best,146.5072479248047,21.34717013619163,3.2885645627975464,0.4215256690979004,,,2078.825117631392,2087.21259765625,0.033363451080566105,2.900402355194092,,1.0,0.4618,,,-0.023125044189223502,-2.0104792482805776,,,,,,1.0034233331680298,1.1839980125427243,0.12850651890039444,0.11061385422945022,0.9889969365163284,1.0355686664581298
QminimalityQsFinal,cifar10,all,False,False,decay,adam,5e-05,last,0,vib,0,mlpl,128,1,0,128,1,0,1.0,0,1024,5,1,default,1,transformer,best,134.66323852539062,60.03661138361151,3.315689433704723,0.4503473281860352,,,2046.547313343395,2052.241552734375,0.0062385794960639705,2.871580696105957,,1.0,0.5176,,,-0.004324138245199583,-1.9898805937354371,,,,,,0.9968419318849391,1.1036399602890017,0.1956958919763565,0.17643845677375794,0.9716010608456352,1.0020240783691403
QminimalityQsFinal,cifar10,all,False,False,decay,adam,5e-05,last,0,vib,0,mlpl,128,1,0,128,1,0,1.0,0,1024,5,1,default,0,transformer,best,135.1516845703125,61.268375570123844,3.3157323490489614,0.4442041397094727,,,2047.3792058771307,2056.865380859375,0.006195664088326422,2.87772388458252,,1.0,0.5134,,,-0.00429440209925301,-1.995148560859072,,,,,,1.0054210370237178,1.1169941902160645,0.19732472706924786,0.1788151353597641,0.9723450053821909,1.0048980951309203
QminimalityQsFinal,cifar10,all,False,False,decay,adam,5e-05,last,0,vib,0,mlpl,128,1,0,128,1,0,1.0,0,1024,5,1,default,2,transformer,best,133.44339599609376,61.50885599309748,3.3154737515883013,0.405158281326294,,,2045.8716541637075,2045.011767578125,0.006454260257834739,2.9167697429656982,,1.0,0.514,,,-0.004473827733407707,-2.0205645805910457,,,,,,1.00050120733001,1.0953166484832764,0.1975244493647055,0.17863754332065582,0.9713707783005454,0.9966776967048644
QminimalityQsFinal,cifar10,all,False,False,decay,adam,5e-05,last,0,vib,0,mlpl,128,1,0,128,1,0,1.0,0,1024,5,1,default,3,transformer,best,134.73727111816407,61.59966087341309,3.3155042366548018,0.478387451171875,,,2048.8490711558948,2056.6623046875,0.00642379180697555,2.8435405731201167,,1.0,0.515,,,-0.004452549102700951,-1.970823399236964,,,,,,0.9953136064789512,1.1023624181747436,0.19747071780941705,0.17849165201187134,0.9733722751790826,1.0046133637428285
QminimalityQsFinal,cifar10,all,False,False,decay,adam,5e-05,last,0,vib,0,mlpl,128,1,0,128,1,0,1.0,0,1024,5,1,default,4,transformer,best,135.24113464355472,61.2978779185902,3.315877383405512,0.396851921081543,,,2039.623357599432,2045.6050537109372,0.006050646178085695,2.9250761032104493,,1.0,0.5062,,,-0.00419392473450023,-2.0258797950964,,,,,,0.9958539740605789,1.1030953884124757,0.19682076505639334,0.1775733381509781,0.9671637686816128,0.9975837945938112
QminimalityQsFinal,cifar10,all,False,False,decay,adam,5e-05,last,0,vib,0,mlpl,128,1,0,128,1,0,100.0,0,1024,5,1,default,0,transformer,best,160.88604125976562,6.285430973226374,1.8658835725350813,0.8592611789703369,,,2090.100763494318,2104.347802734375,1.4560444517569109,2.462666845321656,,0.7560666666666667,0.3943,,,-1.0092523463928038,-1.7069511652545073,,,,,,1.0021614703265105,1.2312698841094971,0.0700342363931916,0.06383918076753617,0.9960059035908092,1.0543257236480712
QminimalityQsFinal,cifar10,all,False,False,decay,adam,5e-05,last,0,vib,0,mlpl,128,1,0,128,1,0,100.0,0,1024,5,1,default,1,transformer,best,168.3919677734375,6.145546501333064,1.816323220729828,0.8785054206848144,,,2089.760320490057,2106.39228515625,1.5056048035621643,2.4434226036071776,,0.7482888888888889,0.4009,,,-1.0436145044212541,-1.693793413680233,,,,,,0.9998574121431872,1.2420212268829345,0.06846665218472481,0.06297459602355956,0.9957766749642112,1.0577761650085449
QminimalityQsFinal,cifar10,all,False,False,decay,adam,5e-05,last,0,vib,0,mlpl,128,1,0,128,1,0,100.0,0,1024,5,1,default,2,transformer,best,161.5142578125,6.3198073127053,1.863633242520419,0.8075220584869385,,,2090.3833229758525,2099.1056640625,1.4582947817715732,2.5144059658050537,,0.7697555555555555,0.3757,,,-1.0108027545625138,-1.7426756301522257,,,,,,1.000995635986328,1.2230988025665284,0.06997921148484404,0.06330767869949341,0.9961937367916108,1.050949263572693
QminimalityQsFinal,cifar10,all,False,False,decay,adam,5e-05,last,0,vib,0,mlpl,128,1,0,128,1,0,100.0,0,1024,5,1,default,3,transformer,best,159.05975341796875,6.4804557020013975,1.9279162937944585,0.867872953414917,,,2089.561578924005,2102.785986328125,1.3940117304975337,2.454055070877075,,0.7673555555555556,0.3941,,,-0.96625784797685,-1.7015857955344018,,,,,,1.0004855394363403,1.2251061916351318,0.07101597196676514,0.06482795178890229,0.9956425699320708,1.0524884700775146
QminimalityQsFinal,cifar10,all,False,False,decay,adam,5e-05,last,0,vib,0,mlpl,128,1,0,128,1,0,100.0,0,1024,5,1,default,4,transformer,best,164.85503540039062,6.39268346266313,1.8912117752161888,0.8434295177459716,,,2090.3467018821025,2104.834375,1.4307162490758032,2.4784985065460203,,0.7600444444444444,0.3982,,,-0.9916852319015396,-1.7184822069890795,,,,,,1.0009185400876133,1.2351950883865357,0.07044029947031627,0.0641767293214798,0.9961802634325896,1.0558596134185791
QminimalityQsFinal,cifar10,all,False,False,decay,adam,5e-05,last,0,vib,0,mlpl,128,1,0,128,1,0,1000.0,0,1024,5,1,default,0,transformer,best,155.67027587890624,0.11323353478854352,-0.005798274820501154,-0.004564094543457031,,,2095.571699662642,2108.60498046875,3.327726299112493,3.3264921188354486,,0.10015555555555557,0.1068,,,-2.306604427623749,-2.305731047344208,,,,,,1.0009173154830933,1.2296036243438722,0.005504298722371459,0.005999470129609108,0.9995832605795428,1.0570889949798583
QminimalityQsFinal,cifar10,all,False,False,decay,adam,5e-05,last,0,vib,0,mlpl,128,1,0,128,1,0,1000.0,0,1024,5,1,default,1,transformer,best,161.48267517089843,0.10333321243524553,-0.004118951884183017,-0.004016256332397461,,,2096.048450816761,2110.29716796875,3.3260469761761757,3.3259442806243897,,0.10297777777777778,0.1043,,,-2.305443014412456,-2.305344163656234,,,,,,0.9999853643504056,1.2376310348510742,0.005330655998973684,0.005759152304381132,0.9999033483591948,1.0598373651504516
QminimalityQsFinal,cifar10,all,False,False,decay,adam,5e-05,last,0,vib,0,mlpl,128,1,0,128,1,0,1000.0,0,1024,5,1,default,3,transformer,best,151.09584350585936,0.0958841998468746,-0.0051408789374611605,-0.0028484821319580077,,,2096.4616921164775,2109.4931640625,3.327068903229453,3.3247765064239503,,0.10095555555555556,0.1055,,,-2.306147238641315,-2.304432244682312,,,,,,1.0006432804194365,1.2227026700973511,0.005197979679161853,0.005644866917282343,1.0001810626550154,1.0561558723449709
QminimalityQsFinal,cifar10,all,False,False,decay,adam,5e-05,last,0,vib,0,mlpl,128,1,0,128,1,0,1000.0,0,1024,5,1,default,2,transformer,best,154.6357666015625,0.10184450210495427,-0.007263053547252308,-0.003748512268066406,,,2096.246826171875,2104.34208984375,3.3291910778392446,3.3256765365600587,,0.09931111111111113,0.1035,,,-2.3076219370894964,-2.3051719453930857,,,,,,1.0004358345812017,1.2207713603973391,0.005366079445759004,0.0058281439356505866,1.000036965716969,1.0538231611251831
QminimalityQsFinal,cifar10,all,False,False,decay,adam,5e-05,last,0,vib,0,mlpl,128,1,0,128,1,0,1000.0,0,1024,5,1,default,4,transformer,best,158.02833251953126,0.11023193055933173,-0.006634192033247514,-0.0003475666046142578,,,2095.987615411932,2110.143359375,3.32856221632524,3.322275590896606,,0.099,0.1079,,,-2.3071853722413382,-2.3028198268413544,,,,,,1.0003892616792158,1.2335752248764038,0.005471375961364671,0.005928498134016991,0.9998638792471451,1.058797788619995
QminimalityQsFinal,cifar10,all,False,False,decay,adam,5e-05,last,0,vib,0,mlpl,128,1,0,128,1,0,0.01,0,1024,5,1,default,0,transformer,best,1192.1965576171874,1179.6168989701705,3.321147095073353,-0.0969594955444336,,,877.4601634632457,862.8579833984375,0.0007809245567345482,3.4188875198364257,,1.0,0.544,,,-0.0005413820679207439,-2.369057839955631,,,,,,1.006255859678442,1.0021948337554931,0.4757728698578748,0.4671391904354095,0.5942426161332564,0.592743718624115
QminimalityQsFinal,cifar10,all,False,False,decay,adam,5e-05,last,0,vib,0,mlpl,128,1,0,128,1,0,0.01,0,1024,5,1,default,1,transformer,best,1172.2873046875,1165.2605313387785,3.321147474375638,-0.07262883186340333,,,902.5492276278408,892.1307250976563,0.0007805637221529403,3.394556856155396,,1.0,0.5369,,,-0.0005410311512158203,-2.350703893619397,,,,,,0.991453617811203,0.9851608157157898,0.4756500680338253,0.4665228962898255,0.6032398261807181,0.6020591974258422
QminimalityQsFinal,cifar10,all,False,False,decay,adam,5e-05,last,0,vib,0,mlpl,128,1,0,128,1,0,0.01,0,1024,5,1,default,2,transformer,best,1193.685302734375,1182.202969637784,3.3211618445136333,-0.13893542289733887,,,879.5432656028054,863.6402465820313,0.0007661666604690254,3.460863447189331,,1.0,0.5365,,,-0.0005310899644927221,-2.3995473271700907,,,,,,1.0118178508498452,1.0044076800346375,0.4777259284799749,0.4687337338924408,0.5957822799682617,0.5934699296951294
QminimalityQsFinal,cifar10,all,False,False,decay,adam,5e-05,last,0,vib,0,mlpl,128,1,0,128,1,0,0.01,0,1024,5,1,default,3,transformer,best,1199.1151611328125,1191.4594393643465,3.3211287368427618,-0.047793006896972655,,,855.7835610129616,842.8578369140625,0.0007992860284337603,3.369721031188965,,1.0,0.5427,,,-0.0005540619018963961,-2.337058938002299,,,,,,1.0116174166852778,1.0023470997810364,0.4746607108549638,0.4659164786338806,0.5867744115265933,0.5848143815994262
QminimalityQsFinal,cifar10,all,False,False,decay,adam,5e-05,last,0,vib,0,mlpl,128,1,0,128,1,0,0.01,0,1024,5,1,default,4,transformer,best,1179.221826171875,1169.9038418856535,3.3211539550261064,-0.13510408401489254,,,881.8113292347301,871.5935791015625,0.0007740626778368923,3.4570321083068847,,1.0,0.5358,,,-0.0005365780264062622,-2.3951462588176478,,,,,,1.0024683014913038,0.9994773387908936,0.4729061072522944,0.4639506697654724,0.5942382677034899,0.5940415143966675
QminimalityQsFinal,cifar10,all,False,False,decay,adam,5e-05,last,0,vib,0,mlpl,128,1,0,128,1,0,0.1,0,1024,5,1,default,0,transformer,best,557.3965209960937,472.3436320911754,3.3198765191164883,0.16408472061157225,,,1673.7078746448865,1662.9087646484375,0.002051504551094364,3.15784330368042,,1.0,0.5299,,,-0.0014220130527856087,-2.188769288864568,,,,,,1.000391881574284,1.0942969322204592,0.34481206942688336,0.3310669541358948,0.8472658747976477,0.8701138257980346
QminimalityQsFinal,cifar10,all,False,False,decay,adam,5e-05,last,0,vib,0,mlpl,128,1,0,128,1,0,0.1,0,1024,5,1,default,1,transformer,best,547.3938110351562,460.2745097767223,3.3199344873428345,0.14441747665405275,,,1679.8078890713778,1671.181787109375,0.0019935492680154057,3.1775105476379397,,1.0,0.5369,,,-0.0013818473153016475,-2.201184563506397,,,,,,0.9919521754438226,1.091120958328247,0.3406908471475948,0.3270061075687408,0.8479214066808874,0.8721809267997742
QminimalityQsFinal,cifar10,all,False,False,decay,adam,5e-05,last,0,vib,0,mlpl,128,1,0,128,1,0,0.1,0,1024,5,1,default,2,transformer,best,555.1246459960937,476.0407922918146,3.319913669065996,0.17868494987487793,,,1671.369090687145,1654.3522216796875,0.0020143624014136467,3.1432430744171143,,1.0,0.5324,,,-0.0013962965091937312,-2.178592893818411,,,,,,1.01119174469601,1.0903485059738158,0.3447098894552751,0.3306795537471771,0.8473155688155781,0.8648168444633484
QminimalityQsFinal,cifar10,all,False,False,decay,adam,5e-05,last,0,vib,0,mlpl,128,1,0,128,1,0,0.1,0,1024,5,1,default,3,transformer,best,558.3281494140625,477.4881397594105,3.3198646957224067,0.19910979270935056,,,1671.1686068448153,1657.676123046875,0.002063331654591655,3.1228182315826416,,1.0,0.5274,,,-0.0014301599743686696,-2.164606324505864,,,,,,1.0035582428628749,1.0887550830841064,0.3454154824668711,0.3315696060657501,0.8473087386651472,0.8673529267311096
QminimalityQsFinal,cifar10,all,False,False,decay,adam,5e-05,last,0,vib,0,mlpl,128,1,0,128,1,0,0.1,0,1024,5,1,default,4,transformer,best,544.5723510742188,458.7611805308949,3.3199142217636113,0.1234956741333008,,,1688.3284246271307,1678.42958984375,0.002013797691853886,3.1984323501586918,,1.0,0.5279,,,-0.0013957035357241034,-2.2160166431157684,,,,,,1.003194120797244,1.0993073463439942,0.3421566906300458,0.3283268928527832,0.8521877039562572,0.8755292177200318
QminimalityQsFinal,cifar10,all,False,False,decay,adam,5e-05,last,0,vib,0,mlpl,128,1,0,128,1,0,0.0,0,1024,5,1,default,0,transformer,best,7422.00615234375,7427.692560369318,3.321927374059504,-2.0576265335083006,,,-5763.289617365057,-5762.2759765625,6.022443854321451e-07,5.379554557800293,,1.0,0.5387,,,-4.109754905733275e-07,-3.728408051851739,,,,,,1.0048498998988755,0.9840044498443604,0.5011268298734318,0.4965172290802002,0.006133021511645479,0.00613039918243885
QminimalityQsFinal,cifar10,all,False,False,decay,adam,5e-05,last,0,vib,0,mlpl,128,1,0,128,1,0,0.0,0,1024,5,1,default,1,transformer,best,7351.46328125,7357.454878373579,3.321927547454834,-2.097908496856689,,,-5696.732244318182,-5695.9166015625,5.128807794624829e-07,5.419836521148682,,1.0,0.5364,,,-3.485548210670055e-07,-3.7525040809051786,,,,,,0.9952129261060194,0.9716988086700441,0.4984489787708629,0.4935233950614929,0.00637576843357899,0.006375656463205814
QminimalityQsFinal,cifar10,all,False,False,decay,adam,5e-05,last,0,vib,0,mlpl,128,1,0,128,1,0,0.0,0,1024,5,1,default,2,transformer,best,7393.89052734375,7400.393044211648,3.321927547454834,-2.2791150093078607,,,-5739.216752485795,-5738.030859375,4.073109726670571e-07,5.601043033599853,,1.0,0.5262,,,-2.7612983660137355e-07,-3.8799468800047685,,,,,,1.0015618313442578,0.9783315420150756,0.4987602816386657,0.4936720728874207,0.006222257242453369,0.006218962743878365
QminimalityQsFinal,cifar10,all,False,False,decay,adam,5e-05,last,0,vib,0,mlpl,128,1,0,128,1,0,0.0,0,1024,5,1,default,3,transformer,best,7451.32509765625,7458.015935724432,3.321927309036255,-1.9136120796203613,,,-5781.985307173295,-5780.46279296875,8.05900774800896e-07,5.235540103912354,,1.0,0.5346,,,-5.517326521262096e-07,-3.6278941375495415,,,,,,1.0031584040685133,0.9802017450332642,0.5103256377306852,0.5056005477905273,0.0060744402845474815,0.006073719635605812
QminimalityQsFinal,cifar10,all,False,False,decay,adam,5e-05,last,0,vib,0,mlpl,128,1,0,128,1,0,0.0,0,1024,5,1,default,4,transformer,best,7463.8587890625,7470.188099254261,3.321926474571228,-1.9382716178894044,,,-5787.502064098011,-5786.2615234375,1.5416857453684232e-06,5.260199642181396,,1.0,0.5263,,,-1.0614895878093636e-06,-3.642386227438928,,,,,,0.9977125471288508,0.9750837802886962,0.5161059498786926,0.5115915775299072,0.006133388897234743,0.0061309199780225756
QminimalityQsFinal,cifar10,all,False,False,decay,adam,5e-05,last,0,vib,0,mlpl,128,1,0,128,1,0,0.0001,0,1024,5,1,default,0,transformer,best,2686.034814453125,2678.961658824574,3.3218995332717896,-1.1273244857788085,,,-1011.1591158780184,-1022.8358642578123,2.848309246804671e-05,4.449252510070801,,1.0,0.5367,,,-1.97344028425298e-05,-3.0840677129957643,,,,,,1.0059026235883886,0.9900169372558594,0.4688693447546525,0.4640716910362244,0.16862340068275278,0.16752753555774688
QminimalityQsFinal,cifar10,all,False,False,decay,adam,5e-05,last,0,vib,0,mlpl,128,1,0,128,1,0,0.0001,0,1024,5,1,default,1,transformer,best,2629.409619140625,2628.0198086825285,3.3218969756906684,-1.0948358535766602,,,-936.4520124955612,-943.6908935546877,3.1057717768073246e-05,4.416763877868652,,1.0,0.5386,,,-2.1523076949608032e-05,-3.0588234969704886,,,,,,0.9952397861263969,0.9762416362762452,0.4834969246929342,0.4781638085842133,0.17991043559529565,0.17870663702487946
QminimalityQsFinal,cifar10,all,False,False,decay,adam,5e-05,last,0,vib,0,mlpl,128,1,0,128,1,0,0.0001,0,1024,5,1,default,3,transformer,best,2586.54765625,2583.6272194602275,3.321901646527377,-1.092835521697998,,,-898.8228482333096,-907.53603515625,2.638487835197752e-05,4.41476354598999,,1.0,0.5335,,,-1.8281542680613127e-05,-3.058886111290964,,,,,,1.0071491355245763,0.9881555795669557,0.476694254712625,0.4715428054332733,0.1839962906458161,0.18277568817138676
QminimalityQsFinal,cifar10,all,False,False,decay,adam,5e-05,last,0,vib,0,mlpl,128,1,0,128,1,0,0.0001,0,1024,5,1,default,2,transformer,best,2653.0068359375,2645.2485795454545,3.321896563876759,-1.183565902709961,,,-966.3472983620384,-979.8338745117187,3.1416791733301416e-05,4.505493927001953,,1.0,0.5329,,,-2.1771238462227414e-05,-3.1227834438568878,,,,,,1.004902192137458,0.9862470626831056,0.4752616557207974,0.4700716972351074,0.17529772492972287,0.1737207293510437
QminimalityQsFinal,cifar10,all,False,False,decay,adam,5e-05,last,0,vib,0,mlpl,128,1,0,128,1,0,0.0001,0,1024,5,1,default,4,transformer,best,2605.085888671875,2602.7352294921875,3.3218991214578804,-1.078208827972412,,,-920.878398548473,-928.66083984375,2.890087216655957e-05,4.4001368522644055,,1.0,0.5355,,,-2.0022252110435405e-05,-3.048612296706409,,,,,,1.00058575110002,0.9817954897880554,0.475618835199963,0.4705129981040954,0.18028598549691116,0.17925743460655216
QminimalityQsFinal,cifar10,all,False,False,decay,adam,5e-05,last,0,vib,0,mlpl,128,1,0,128,1,0,0.001,0,1024,5,1,default,0,transformer,best,2028.6773681640625,2021.8635808771307,3.3217289447784424,-0.5722723960876465,,,-264.90254835648966,-277.3208282470703,0.00019908175586765125,3.894200420379639,,1.0,0.5391,,,-0.00013799907815459925,-2.699212113031665,,,,,,1.005556214939464,0.9907883405685424,0.4819368665868586,0.4766305923461914,0.2873197631402449,0.2855107128620148
QminimalityQsFinal,cifar10,all,False,False,decay,adam,5e-05,last,0,vib,0,mlpl,128,1,0,128,1,0,0.001,0,1024,5,1,default,4,transformer,best,1958.360986328125,1954.9874489524148,3.3217221606861465,-0.5772916316986084,,,-184.6185358220881,-193.97164306640624,0.00020588046754710376,3.899219655990601,,1.0,0.5334,,,-0.0001426951230869417,-2.7011607696864437,,,,,,1.003185673193498,0.987316393852234,0.482745960354805,0.4770644187927246,0.30333354391834955,0.301691460609436
QminimalityQsFinal,cifar10,all,False,False,decay,adam,5e-05,last,0,vib,0,mlpl,128,1,0,128,1,0,0.001,0,1024,5,1,default,3,transformer,best,2049.3307861328126,2045.212763006037,3.321720892732793,-0.5062426567077637,,,-286.73365783691406,-297.80836181640626,0.0002071179339757443,3.828170680999756,,1.0,0.5378,,,-0.00014357008235035834,-2.652258655897352,,,,,,1.0098458474332637,0.9914342164993286,0.4848569618030028,0.4791338384151459,0.2837870622223074,0.2817713439464569
QminimalityQsFinal,cifar10,all,False,False,decay,adam,5e-05,last,0,vib,0,mlpl,128,1,0,128,1,0,0.001,0,1024,5,1,default,1,transformer,best,1980.9284423828128,1979.4067993164065,3.321711865338412,-0.556360387802124,,,-209.57712346857244,-217.01929321289063,0.00021613478351024568,3.878288412094116,,1.0,0.5392,,,-0.0001498251849044561,-2.6845240296436232,,,,,,0.9926740554246036,0.9774172306060792,0.4845022518526424,0.4788125276565552,0.29947988282550464,0.29799591302871703
QminimalityQsFinal,cifar10,all,False,False,decay,adam,5e-05,last,0,vib,0,mlpl,128,1,0,128,1,0,0.001,0,1024,5,1,default,2,transformer,best,2009.792919921875,2001.7664572975848,3.321733528917486,-0.5753609657287597,,,-225.46879855069247,-241.0476959228516,0.00019450001987438145,3.897288990020752,,1.0,0.5326,,,-0.00013482660127638879,-2.69976499852118,,,,,,1.0068507384170184,0.9882789969444274,0.4905463443561034,0.4844840586185456,0.2973562939600511,0.2945374190807343
QminimalityQsFinal,cifar10,all,False,False,decay,adam,5e-05,last,0,cdibL,0,mlpl,128,1,0,8192,1,0,10.0,0,1024,5,1,default,0,transformer,best,,,0.1720694520256736,0.17642478942871093,,0.0,,,3.1498585722663184,3.145503234863281,,0.20173333333333326,0.2048,,,-2.1833174144943555,-2.1804391036212443,,12.237888986414127,,,-0.0023986437582717234,0.9739527593959462,0.935697031021118,116.68652898615056,112.9955551147461,27.253890124234285,26.368992233276373
QminimalityQsFinal,cifar10,all,False,False,decay,adam,5e-05,last,0,cdibL,0,mlpl,128,1,0,8192,1,0,10.0,0,1024,5,1,default,1,transformer,best,,,0.2879740541631525,0.2969769954681397,,0.0,,,3.03395397012884,3.0249510288238524,,0.23957777777777775,0.2451,,,-2.1029681880368125,-2.0968427970290184,,12.237878452647815,,,0.0005734496936610077,1.037227300080386,0.9902520656585694,87.19902003895153,85.07145233154297,29.726135774092242,28.98561897277832
QminimalityQsFinal,cifar10,all,False,False,decay,adam,5e-05,last,0,cdibL,0,mlpl,128,1,0,8192,1,0,10.0,0,1024,5,1,default,2,transformer,best,,,0.27903700958598743,0.2834208965301513,,0.0,,,3.042891014706005,3.0385071277618407,,0.2370888888888889,0.2368,,,-2.1091586838788454,-2.1062307265996933,,12.237894361669367,,,0.0008776004229988138,0.9622973718426444,0.9824280500411988,104.11464587124912,106.36706085205078,35.54129340431907,36.39676284790039
QminimalityQsFinal,cifar10,all,False,False,decay,adam,5e-05,last,0,cdibL,0,mlpl,128,1,0,8192,1,0,10.0,0,1024,5,1,default,4,transformer,best,,,0.31035590171813965,0.3135970592498779,,0.0,,,3.0115721225738525,3.0083309650421137,,0.2424,0.251,,,-2.087452610466215,-2.0853804547250268,,12.237888119437478,,,-0.00016278270040388833,1.0152176374738866,1.0464024066925048,82.52692968195134,84.8169387817383,11.839662768624045,12.17545108795166
QminimalityQsFinal,cifar10,all,False,False,decay,adam,5e-05,last,0,cdibL,0,mlpl,128,1,0,8192,1,0,10.0,0,1024,5,1,default,3,transformer,best,,,0.3517182848670266,0.3465291976928711,,0.0,,,2.9702097394249667,2.975398826599121,,0.2515333333333333,0.2541,,,-2.0588047682146238,-2.062396399265528,,12.237898176366633,,,0.0002406866457306499,1.0254846513271332,1.0356834888458253,64.25696598399769,64.85046844482422,18.418226675553754,18.5596866607666
QminimalityQsFinal,cifar10,all,False,False,decay,adam,5e-05,last,0,cdibL,0,mlpl,128,1,0,8192,1,0,1000.0,0,1024,5,1,default,0,transformer,best,,,0.3618645342913541,0.3699037551879883,,0.0,,,2.960063490000638,2.952024269104004,,0.26222222222222225,0.2657,,,-2.05176519336568,-2.0462931545376777,,12.237888986414127,,,-0.007610119098553305,0.9763827892867002,0.9394958615303041,83.3261323408647,81.90695343017578,24.605097423900258,24.1841609954834
QminimalityQsFinal,cifar10,all,False,False,decay,adam,5e-05,last,0,cdibL,0,mlpl,128,1,0,8192,1,0,1000.0,0,1024,5,1,default,1,transformer,best,,,0.262169057672674,0.2662656307220459,,0.0,,,3.0597589666193183,3.0556623935699463,,0.23142222222222225,0.2347,,,-2.1208562876966264,-2.117962414324284,,12.237878452647815,,,-0.005296064406774826,0.9653538980267264,0.936837911605835,150.41711911288175,145.98189697265624,52.52635869112882,50.9954948425293
QminimalityQsFinal,cifar10,all,False,False,decay,adam,5e-05,last,0,cdibL,0,mlpl,128,1,0,8192,1,0,1000.0,0,1024,5,1,default,4,transformer,best,,,0.34343148361552844,0.34454636573791503,,0.0,,,2.978496540676464,2.9773816585540773,,0.2593111111111111,0.2609,,,-2.0645478549275134,-2.06398086925149,,12.237888119437478,,,0.009720656418286785,1.0180367962880568,1.0464437007904053,87.10122160478072,88.77713470458984,26.51764626936479,27.040314865112304
QminimalityQsFinal,cifar10,all,False,False,decay,adam,5e-05,last,0,cdibL,0,mlpl,128,1,0,8192,1,0,1000.0,0,1024,5,1,default,2,transformer,best,,,0.42132627964019775,0.42440104484558105,,0.0,,,2.9006017446517944,2.897526979446411,,0.2799555555555556,0.2862,,,-2.010520093182392,-2.008444681468606,,12.237894361669367,,,-0.0006142735002510036,0.98735788193616,0.9570641875267027,50.75369869578969,49.40891876220703,16.81570967760953,16.341431045532225
QminimalityQsFinal,cifar10,all,False,False,decay,adam,5e-05,last,0,cdibL,0,mlpl,128,1,0,8192,1,0,1000.0,0,1024,5,1,default,3,transformer,best,,,0.5284441601146351,0.5297551631927491,,0.0,,,2.793483864177357,2.792172861099244,,0.3074666666666667,0.3097,,,-1.9363141131374568,-1.9353409270048139,,12.237898176366633,,,0.010920123141714588,1.027504942633889,1.0486319065093994,25.437491503628817,25.754447555541997,7.446284987709738,7.550241088867187
QminimalityQsFinal,cifar10,all,False,False,decay,adam,5e-05,last,0,cdibL,0,mlpl,128,1,0,8192,1,0,100.0,0,1024,5,1,default,0,transformer,best,,,0.5846575932069258,0.5845217227935791,,0.0,,,2.7372704310850664,2.737406301498413,,0.3220222222222222,0.3241,,,-1.8973383066876064,-1.8975141420811412,,12.237888986414127,,,0.010722466392558873,1.006975306705995,1.0374413013458252,27.620945410294965,28.12231140136719,8.547862486405808,8.703601455688476
QminimalityQsFinal,cifar10,all,False,False,decay,adam,5e-05,last,0,cdibL,0,mlpl,128,1,0,8192,1,0,100.0,0,1024,5,1,default,1,transformer,best,,,0.19221090186725964,0.19477367401123047,,0.0,,,3.1297171224247324,3.1271543502807617,,0.20957777777777775,0.2117,,,-2.1693489529768626,-2.1674548244595533,,12.237878452647815,,,-0.010271532686142296,0.9825532598928972,0.9513984560966492,132.1561726656827,128.00369415283205,40.21000844782049,38.91495819091797
QminimalityQsFinal,cifar10,all,False,False,decay,adam,5e-05,last,0,cdibL,0,mlpl,128,1,0,8192,1,0,100.0,0,1024,5,1,default,2,transformer,best,,,0.3250167153098367,0.33369717597961424,,0.0,,,2.996911308982156,2.988230848312378,,0.25377777777777777,0.2562,,,-2.077291988726457,-2.071624312311411,,12.237894361669367,,,-0.003815577473245253,0.9933922670104288,0.9522191047668456,90.30466946688566,88.06471557617188,27.728961511091754,26.97248802185059
QminimalityQsFinal,cifar10,all,False,False,decay,adam,5e-05,last,0,cdibL,0,mlpl,128,1,0,8192,1,0,100.0,0,1024,5,1,default,4,transformer,best,,,0.2567980072715066,0.25911765098571776,,0.0,,,3.0651300170204867,3.0628103733062746,,0.2369777777777778,0.2389,,,-2.1245691991057662,-2.1230499078840017,,12.237888119437478,,,0.0005833213892501825,1.0046316791664471,1.000339698791504,102.23701303655452,102.09888153076172,21.982749938964844,21.9319149017334
QminimalityQsFinal,cifar10,all,False,False,decay,adam,5e-05,last,0,cdibL,0,mlpl,128,1,0,8192,1,0,100.0,0,1024,5,1,default,3,transformer,best,,,0.4605899398977106,0.4607614994049072,,0.0,,,2.8613380843942817,2.861166524887085,,0.2882666666666667,0.2938,,,-1.9833438951167797,-1.9833364683896304,,12.237898176366633,,,-0.00017020318489868562,1.0229167884046382,1.0316154718399049,24.38985555822199,24.570381546020503,9.384800997647373,9.509380531311033
QminimalityQsFinal,cifar10,all,False,False,decay,adam,5e-05,last,0,cdibL,0,mlpl,128,1,0,8192,1,0,0.0,0,1024,5,1,default,1,transformer,best,,,3.3219247839667583,-1.7506697654724122,,11.909365307201039,,,3.232365594902314e-06,5.072597789764403,,1.0,0.5379,,,-2.2332020447392e-06,-3.5149442789564884,,0.3285132348537445,,,0.8630036169179559,0.9960880225354974,0.971717131137848,0.5095805281942541,0.5044480800628662,0.006094664716246453,0.006093966588377952
QminimalityQsFinal,cifar10,all,False,False,decay,adam,5e-05,last,0,cdibL,0,mlpl,128,1,0,8192,1,0,0.0,0,1024,5,1,default,0,transformer,best,,,3.3219266696409746,-1.911210346221924,,11.89776307886297,,,1.3270494398718504e-06,5.233138370513916,,1.0,0.5405,,,-9.125293496541391e-07,-3.625502215981909,,0.3401258330453526,,,0.8626673330395446,1.003530434586785,0.980243682861328,0.5163549022241072,0.5112147569656372,0.006052094786851244,0.006051780935376882
QminimalityQsFinal,cifar10,all,False,False,decay,adam,5e-05,last,0,cdibL,0,mlpl,128,1,0,8192,1,0,0.0,0,1024,5,1,default,2,transformer,best,,,3.321927309036255,-2.088529109954834,,11.932496114210648,,,6.787638720983192e-07,5.410457134246826,,1.0,0.5333,,,-4.6495351170392506e-07,-3.7507850892501415,,0.3053982792930169,,,0.8631610960889009,1.0041626502167096,0.9781424283981324,0.5195138562809337,0.5140722274780274,0.0062061204702000715,0.006202077679336071
QminimalityQsFinal,cifar10,all,False,False,decay,adam,5e-05,last,0,cdibL,0,mlpl,128,1,0,8192,1,0,0.0,0,1024,5,1,default,3,transformer,best,,,3.321927309036255,-2.06395320892334,,11.893072431737727,,,7.611966426876197e-07,5.385881233215332,,1.0,0.5352,,,-5.214375742508222e-07,-3.732533937533266,,0.3448257006027482,,,0.8628884099965202,1.0011238076470117,0.975005066394806,0.5219856798648834,0.5165310144424439,0.006107852963561361,0.006105841975659132
QminimalityQsFinal,cifar10,all,False,False,decay,adam,5e-05,last,0,cdibL,0,mlpl,128,1,0,8192,1,0,0.0,0,1024,5,1,default,4,transformer,best,,,3.32192611694336,-1.7945719718933106,,11.906871578910135,,,1.857267999515567e-06,5.1164999961853015,,1.0,0.5404,,,-1.2802722808689595e-06,-3.5433588731346517,,0.33101641725410114,,,0.8627349418982749,1.0013708851554175,0.9770523428916932,0.5245060351761904,0.5195849418640137,0.006034987195479599,0.006030859425663948
QminimalityQsFinal,cifar10,all,False,False,decay,adam,5e-05,last,0,cdibL,0,mlpl,128,1,0,8192,1,0,0.1,0,1024,5,1,default,2,transformer,best,,,0.5005600669167258,0.4988292217254638,,0.0,,,2.821367957375266,2.823098802566528,,0.3033111111111111,0.3058,,,-1.9556101303882067,-1.9568864340096712,,12.237894361669367,,,0.008313973222435196,0.9482305293733424,0.9846028685569764,73.07326993075284,74.48233032226562,22.492488687688653,22.931668090820317
QminimalityQsFinal,cifar10,all,False,False,decay,adam,5e-05,last,0,cdibL,0,mlpl,128,1,0,8192,1,0,0.1,0,1024,5,1,default,0,transformer,best,,,0.4142182306809859,0.4244071483612061,,0.0,,,2.9077097936110063,2.897520875930786,,0.2741333333333333,0.281,,,-2.0154723419984184,-2.0084699002861983,,12.237888986414127,,,0.00755387494580595,0.967451193115928,0.932261288166046,118.32358273592862,116.01329040527344,45.30072784423828,44.29454116821289
QminimalityQsFinal,cifar10,all,False,False,decay,adam,5e-05,last,0,cdibL,0,mlpl,128,1,0,8192,1,0,0.1,0,1024,5,1,default,1,transformer,best,,,0.520955042405562,0.5236018657684326,,0.0,,,2.80097298188643,2.7983261585235595,,0.2994444444444445,0.3036,,,-1.9414845938305059,-1.9399093278020618,,12.237878452647815,,,0.009525540015174331,1.0068372433835808,1.03911874294281,51.34255860068581,52.400618743896494,17.815044489773836,18.214860153198238
QminimalityQsFinal,cifar10,all,False,False,decay,adam,5e-05,last,0,cdibL,0,mlpl,128,1,0,8192,1,0,0.1,0,1024,5,1,default,4,transformer,best,,,0.5046746622432362,0.5042356491088867,,0.0,,,2.8172533620487563,2.8176923751831056,,0.3115777777777778,0.3183,,,-1.9527679144955343,-1.953152048227191,,12.237888119437478,,,0.013054526344012413,1.0239941829984838,1.0516254663467408,39.47590463811701,40.333744812011716,13.500851414420389,13.820902061462402
QminimalityQsFinal,cifar10,all,False,False,decay,adam,5e-05,last,0,cdibL,0,mlpl,128,1,0,8192,1,0,0.1,0,1024,5,1,default,3,transformer,best,,,0.4015440832484852,0.4078524589538574,,0.0,,,2.920383941043507,2.914075565338135,,0.27471111111111113,0.27899999999999997,,,-2.024268630011214,-2.0202434505641462,,12.237898176366633,,,-0.002043686108068638,1.006077546964992,0.980490267276764,96.75585694746538,94.7133544921875,23.15109244259921,22.6398551940918
QminimalityQsFinal,cifar10,all,False,False,decay,adam,5e-05,last,0,cdibL,0,mlpl,128,1,0,8192,1,0,1.0,0,1024,5,1,default,2,transformer,best,,,0.3097588257356124,0.3196370601654053,,0.0,,,3.01216919855638,3.002290964126587,,0.2420666666666667,0.2423,,,-2.0878590220034123,-2.0811089415431017,,12.237894361669367,,,-0.000516938136066995,0.995616991411556,0.9635736227035524,142.13518246737394,138.65728759765622,41.63576975735751,40.52796325683594
QminimalityQsFinal,cifar10,all,False,False,decay,adam,5e-05,last,0,cdibL,0,mlpl,128,1,0,8192,1,0,1.0,0,1024,5,1,default,0,transformer,best,,,0.1415740576657382,0.14947404861450195,,0.0,,,3.180353966626254,3.1724539756774903,,0.19624444444444444,0.1957,,,-2.204449441936281,-2.19902499011755,,12.237888986414127,,,0.00024507654196330767,0.9700604108246891,0.9326972842216492,123.19924545288086,118.74794921875,17.836074829101562,17.18062515258789
QminimalityQsFinal,cifar10,all,False,False,decay,adam,5e-05,last,0,cdibL,0,mlpl,128,1,0,8192,1,0,1.0,0,1024,5,1,default,1,transformer,best,,,0.31041418422352185,0.31544666290283196,,0.0,,,3.0115138400684702,3.0064813613891603,,0.2471333333333333,0.2542,,,-2.0874142814020322,-2.084067300415039,,12.237878452647815,,,0.0024741410599785512,1.0085165500640871,1.0394809126853943,98.03398097645152,100.5015213012695,15.887510256333785,16.295951843261722
QminimalityQsFinal,cifar10,all,False,False,decay,adam,5e-05,last,0,cdibL,0,mlpl,128,1,0,8192,1,0,1.0,0,1024,5,1,default,4,transformer,best,,,0.4314504536715421,0.433867073059082,,0.0,,,2.89047757062045,2.88806095123291,,0.2765333333333333,0.2791,,,-2.0035294750233494,-2.001908390006423,,12.237888119437478,,,-0.0009846069291370026,1.0111777944998308,1.0293992042541504,70.65562681718306,72.04637298583984,34.78559892827814,35.47300491333008
QminimalityQsFinal,cifar10,all,False,False,decay,adam,5e-05,last,0,cdibL,0,mlpl,128,1,0,8192,1,0,1.0,0,1024,5,1,default,3,transformer,best,,,0.42666787450963795,0.4260923385620117,,0.0,,,2.8952601497823536,2.8958356857299803,,0.27482222222222225,0.2764,,,-2.006859122205443,-2.0074506352365016,,12.237898176366633,,,0.004796752706850128,1.0384927879680286,1.061088800430298,58.06159903786399,59.33043899536133,17.9016414122148,18.31877670288086
QminimalityQsFinal,cifar10,all,False,False,decay,adam,5e-05,last,0,cdibL,0,mlpl,128,1,0,8192,1,0,0.01,0,1024,5,1,default,2,transformer,best,,,2.820707201957702,0.7745922565460205,,0.0,,,0.5012208385901018,2.547335767745972,,0.9057111111111112,0.5177,,,-0.34742307397368005,-1.7661418261779305,,12.237894361669367,,,0.16414978539869707,0.98701564561237,0.9681245565414428,8.188931985334916,8.07705659866333,0.4017996395176107,0.3919180631637573
QminimalityQsFinal,cifar10,all,False,False,decay,adam,5e-05,last,0,cdibL,0,mlpl,128,1,0,8192,1,0,0.01,0,1024,5,1,default,0,transformer,best,,,1.6381244171749465,1.1757694244384769,,1.7975697896697305,,,1.683803607117046,2.1461585998535155,,0.5986888888888889,0.4775,,,-1.1671316145619948,-1.4873763458258822,,10.440319061279297,,,0.4140936972321103,1.0040095231749795,1.0219992041587829,5.466210235248912,5.52473783493042,0.5568423867225647,0.564644706249237
QminimalityQsFinal,cifar10,all,False,False,decay,adam,5e-05,last,0,cdibL,0,mlpl,128,1,0,8192,1,0,0.01,0,1024,5,1,default,1,transformer,best,,,1.8307620612057771,1.1958231449127197,,4.731104742396962,,,1.4911659630862149,2.1261048793792723,,0.6502444444444444,0.493,,,-1.0335950824206472,-1.4735097370521075,,7.506773796948519,,,0.6110979785619752,1.0016923465512015,1.006101942062378,5.244378154928034,5.282717514038086,0.3161651681769978,0.3217171370983124
QminimalityQsFinal,cifar10,all,False,False,decay,adam,5e-05,last,0,cdibL,0,mlpl,128,1,0,8192,1,0,0.01,0,1024,5,1,default,3,transformer,best,,,0.6458926851099188,0.6307417869567871,,0.0,,,2.6760353391820733,2.691186237335205,,0.3501333333333333,0.3462,,,-1.8549028235137464,-1.8653887100577355,,12.237898176366633,,,-0.0012457946131115374,1.0267189659855582,1.0514036893844605,35.049611525102094,35.75737762451172,7.9358322186903525,8.104986667633058
QminimalityQsFinal,cifar10,all,False,False,decay,adam,5e-05,last,0,cdibL,0,mlpl,128,1,0,8192,1,0,0.01,0,1024,5,1,default,4,transformer,best,,,1.858853795311668,1.2533172607421874,,0.0,,,1.4630742289803245,2.0686107635498048,,0.6542,0.4995,,,-1.0140752319642359,-1.4335552684180686,,12.237888119437478,,,0.3859465962215339,0.9970459098165686,1.003461527824402,7.3307025866075,7.3450386047363265,0.3448466238650409,0.3501400947570801
QminimalityQsFinal,cifar10,all,False,False,decay,adam,5e-05,last,0,cdibL,0,mlpl,128,1,0,8192,1,0,0.0001,0,1024,5,1,default,1,transformer,best,,,3.3209930549968374,-1.2864614486694337,,11.820980418812145,,,0.0009349595268510961,4.6083894729614245,,0.9999777777777776,0.5254,,,-0.0006482726804400166,-3.192661993624574,,0.4168980771845037,,,0.8619972833450279,0.995474473996596,0.976158320903778,0.5318785011768341,0.5276967048645019,0.006200517739423297,0.00619740691035986
QminimalityQsFinal,cifar10,all,False,False,decay,adam,5e-05,last,0,cdibL,0,mlpl,128,1,0,8192,1,0,0.0001,0,1024,5,1,default,0,transformer,best,,,3.320174152200872,-1.2699115753173829,,11.76545489918102,,,0.001753861248620193,4.591839599609375,,0.9999777777777776,0.5264,,,-0.001215969393552063,-3.1815646289268567,,0.47243402085521,,,0.8615336924758694,1.005980106917295,0.9898648023605346,0.561037315563722,0.5574336767196655,0.006182217166166414,0.0061795907095074645
QminimalityQsFinal,cifar10,all,False,False,decay,adam,5e-05,last,0,cdibL,0,mlpl,128,1,0,8192,1,0,0.0001,0,1024,5,1,default,2,transformer,best,,,3.3211166967045176,-1.1966772079467771,,11.832892157814719,,,0.0008113217085007241,4.5186052322387695,,1.0,0.5262,,,-0.0005624146001215627,-3.1307464069499678,,0.4050023447383534,,,0.8622572899909297,1.0052561868320813,0.9854460120201112,0.5048005824739282,0.5003723740577698,0.006362701237032359,0.006357999332249164
QminimalityQsFinal,cifar10,all,False,False,decay,adam,5e-05,last,0,cdibL,0,mlpl,128,1,0,8192,1,0,0.0001,0,1024,5,1,default,3,transformer,best,,,3.321415142579512,-1.2019572257995603,,11.81388993696733,,,0.0005128752276174387,4.523885250091553,,0.9999555555555556,0.5297,,,-0.000355596494139934,-3.1342605168600017,,0.4240082244981419,,,0.8621593529658406,1.002391048453071,0.9843525052070616,0.5699151077053763,0.5656751990318298,0.006372455634515394,0.0063667636364698405
QminimalityQsFinal,cifar10,all,False,False,decay,adam,5e-05,last,0,cdibL,0,mlpl,128,1,0,8192,1,0,0.0001,0,1024,5,1,default,4,transformer,best,,,3.3215842463753438,-1.3346221923828123,,11.85211502421986,,,0.00034380170770666814,4.6565502166748045,,1.0,0.5225,,,-0.0002383520157381415,-3.223846311875746,,0.3857730599966916,,,0.8624268692311862,0.9998848031867634,0.984390950202942,0.5537605339830572,0.5507158637046814,0.006161231780424714,0.006155103631317616
QminimalityQsFinal,cifar10,all,False,False,decay,adam,5e-05,last,0,cdibL,0,mlpl,128,1,0,8192,1,0,0.001,0,1024,5,1,default,0,transformer,best,,,3.32081856510856,-1.1204736709594727,,11.853325280276213,,,0.0011094513862520796,4.442401695251465,,1.0,0.5393,,,-0.0007690203701001492,-3.0795253046752453,,0.3845636499199001,,,0.8620240015459566,1.003985740921714,0.9918674826622008,0.7258334349502217,0.7226441264152527,0.006689142329956998,0.006682221964001657
QminimalityQsFinal,cifar10,all,False,False,decay,adam,5e-05,last,0,cdibL,0,mlpl,128,1,0,8192,1,0,0.001,0,1024,5,1,default,2,transformer,best,,,3.3185233853080054,-0.915777587890625,,11.889258514751088,,,0.003404653154906224,4.2377056121826175,,0.9999777777777776,0.5268,,,-0.002360350507411472,-2.9356843308909752,,0.3486361341042952,,,0.8624917371902382,1.0024513737721876,0.9885496139526369,0.7554819692264904,0.7510513901710508,0.007170135832645677,0.007158144190907478
QminimalityQsFinal,cifar10,all,False,False,decay,adam,5e-05,last,0,cdibL,0,mlpl,128,1,0,8192,1,0,0.001,0,1024,5,1,default,1,transformer,best,,,3.321240132505244,-1.1875422477722168,,11.878163207661023,,,0.0006879057010254737,4.509470272064209,,1.0,0.5364,,,-0.0004768561017895956,-3.1230147390506366,,0.3597150892019272,,,0.8623752155283064,0.9946842247789556,0.9779864907264708,0.6760503595525568,0.6717938899993896,0.00661023128354414,0.006602600496262312
QminimalityQsFinal,cifar10,all,False,False,decay,adam,5e-05,last,0,cdibL,0,mlpl,128,1,0,8192,1,0,0.001,0,1024,5,1,default,4,transformer,best,,,3.3191660100763496,-1.021538352966309,,11.8384558504278,,,0.002762023565909741,4.3434663772582995,,0.9999777777777776,0.5291,,,-0.00190962001591033,-3.00942716991791,,0.39943216063759546,,,0.8617201627889398,1.0005737001245671,0.99069482088089,0.6998357691548087,0.6974975228309631,0.0064370558724146,0.006436023581773043
QminimalityQsFinal,cifar10,all,False,False,decay,adam,5e-05,last,0,cdibL,0,mlpl,128,1,0,8192,1,0,0.001,0,1024,5,1,default,3,transformer,best,,,3.3210083354603164,-1.10349645614624,,11.898517912084406,,,0.0009196862043939867,4.425424480438234,,1.0,0.5273,,,-0.0006373972365726684,-3.068161672235925,,0.3393802466717633,,,0.8625716689556522,1.004109499129382,0.989836287498474,0.7671470940113068,0.7633868217468261,0.007080835904079405,0.007069131173193455
QminimalityQsFinal,cifar10,all,False,False,decay,adam,5e-05,last,0,cdibS,0,mlpl,128,1,0,2,1,0,100.0,0,1024,5,1,default,1,transformer,best,,,1.82749526609074,1.3383105039596557,,0.003329190340909091,,,1.4944327582012524,1.9836175203323363,,0.6479777777777778,0.5158,,,-1.0358654025198208,-1.3748255019055082,,12.234549218958074,,,0.002701256909741238,1.0016948174346576,0.9715685367584228,8.288280725479126,8.06760482788086,0.014555624855512922,0.014271298609673974
QminimalityQsFinal,cifar10,all,False,False,decay,adam,5e-05,last,0,cdibS,0,mlpl,128,1,0,2,1,0,100.0,0,1024,5,1,default,0,transformer,best,,,2.0760485367341475,1.2942185878753665,,0.004231940616260876,,,1.2458794875578447,2.027709436416626,,0.7143777777777778,0.5135,,,-0.8635924636681201,-1.4052412020525051,,12.233657099983908,,,0.004956571670203542,1.013892802325162,1.0455819964408877,5.321817354722456,5.457378196716308,0.036412000825459305,0.037399669736623765
QminimalityQsFinal,cifar10,all,False,False,decay,adam,5e-05,last,0,cdibS,0,mlpl,128,1,0,2,1,0,100.0,0,1024,5,1,default,2,transformer,best,,,1.9622576995329424,1.3046584606170657,,0.00331016020341353,,,1.3596703193404458,2.017269563674927,,0.6881333333333334,0.511,,,-0.9424139586615752,-1.397890808556453,,12.234584331512453,,,0.002797611789487495,0.9453232613476841,0.9691673040390014,6.766488161954013,6.93216724395752,0.01467758658426729,0.014854197949171066
QminimalityQsFinal,cifar10,all,False,False,decay,adam,5e-05,last,0,cdibS,0,mlpl,128,1,0,2,1,0,100.0,0,1024,5,1,default,4,transformer,best,,,1.7756235220215535,1.3002177715301513,,0.0031937794251875443,,,1.5463045022704385,2.021710252761841,,0.6328,0.4997,,,-1.0717718220630383,-1.4010527261334818,,12.234694307500666,,,0.003175387986605513,1.0210776031017303,1.0470334649086,7.160186702554876,7.338604927062987,0.016195149541917173,0.01638195402920246
QminimalityQsFinal,cifar10,all,False,False,decay,adam,5e-05,last,0,cdibS,0,mlpl,128,1,0,2,1,0,100.0,0,1024,5,1,default,3,transformer,best,,,2.063513690775091,1.3188844919204712,,0.0036854960701682353,,,1.2584142901680686,2.003043532371521,,0.7152666666666667,0.5174,,,-0.8722716110457147,-1.3885473730420896,,12.234212658622049,,,0.004283469103687478,1.0345008915120906,1.060852003097534,5.989922068335793,6.129779434204101,0.0106943161226809,0.010787785239517688
QminimalityQsFinal,cifar10,all,False,False,decay,adam,5e-05,last,0,cdibS,0,mlpl,128,1,0,2,1,0,0.0,0,1024,5,1,default,2,transformer,best,,,3.321927309036255,-2.088529109954834,,0.3034505844116211,,,6.787638720983192e-07,5.410457134246826,,1.0,0.5333,,,-4.6495351170392506e-07,-3.7507850892501415,,11.93444386395541,,,0.022869465254483846,1.0041626502167096,0.9781424283981324,0.5195138562809337,0.5140722274780274,0.0062061204702000715,0.006202077679336071
QminimalityQsFinal,cifar10,all,False,False,decay,adam,5e-05,last,0,cdibS,0,mlpl,128,1,0,2,1,0,0.0,0,1024,5,1,default,0,transformer,best,,,3.3219266696409746,-1.911210346221924,,0.31560886989940296,,,1.3270494398718504e-06,5.233138370513916,,1.0,0.5405,,,-9.125293496541391e-07,-3.625502215981909,,11.92228009484031,,,0.023269324635188486,1.003530434586785,0.980243682861328,0.5163549022241072,0.5112147569656372,0.006052094786851244,0.006051780935376882
QminimalityQsFinal,cifar10,all,False,False,decay,adam,5e-05,last,0,cdibS,0,mlpl,128,1,0,2,1,0,0.0,0,1024,5,1,default,1,transformer,best,,,3.3219247839667583,-1.7506697654724122,,0.2958395155993375,,,3.232365594902314e-06,5.072597789764403,,1.0,0.5379,,,-2.2332020447392e-06,-3.5149442789564884,,11.94203892621127,,,0.026590782519281674,0.9960880225354974,0.971717131137848,0.5095805281942541,0.5044480800628662,0.006094664716246453,0.006093966588377952
QminimalityQsFinal,cifar10,all,False,False,decay,adam,5e-05,last,0,cdibS,0,mlpl,128,1,0,2,1,0,0.0,0,1024,5,1,default,3,transformer,best,,,3.321927309036255,-2.06395320892334,,0.311231331391768,,,7.611966426876197e-07,5.385881233215332,,1.0,0.5352,,,-5.214375742508222e-07,-3.732533937533266,,11.926666953346945,,,0.021343185240963857,1.0011238076470117,0.975005066394806,0.5219856798648834,0.5165310144424439,0.006107852963561361,0.006105841975659132
QminimalityQsFinal,cifar10,all,False,False,decay,adam,5e-05,last,0,cdibS,0,mlpl,128,1,0,2,1,0,0.0,0,1024,5,1,default,4,transformer,best,,,3.32192611694336,-1.7945719718933106,,0.30717056447809393,,,1.857267999515567e-06,5.1164999961853015,,1.0,0.5404,,,-1.2802722808689595e-06,-3.5433588731346517,,11.930717771703547,,,0.023926115506058318,1.0013708851554175,0.9770523428916932,0.5245060351761904,0.5195849418640137,0.006034987195479599,0.006030859425663948
QminimalityQsFinal,cifar10,all,False,False,decay,adam,5e-05,last,0,cdibS,0,mlpl,128,1,0,2,1,0,1000.0,0,1024,5,1,default,1,transformer,best,,,0.9437907500700518,0.9356067180633544,,0.0015937956896695225,,,2.3781372742219404,2.3863213062286377,,0.4202,0.4169,,,-1.6484099210374057,-1.6538301864288747,,12.236284732818605,,,0.0014108502547120296,1.007628408345309,1.0341863870620729,8.738638010892002,8.959691047668457,0.053026618605310265,0.05418733209371567
QminimalityQsFinal,cifar10,all,False,False,decay,adam,5e-05,last,0,cdibS,0,mlpl,128,1,0,2,1,0,1000.0,0,1024,5,1,default,0,transformer,best,,,0.9425784891301936,0.92354154586792,,0.0017145872116088867,,,2.379349535161799,2.3983864784240723,,0.4173555555555555,0.4118,,,-1.6492501661485268,-1.6622052641738203,,12.236174410039728,,,0.003114352830355513,1.0095317336645993,1.0398572444915772,9.786052573810924,10.073443794250489,0.012392124330455606,0.012364646047353744
QminimalityQsFinal,cifar10,all,False,False,decay,adam,5e-05,last,0,cdibS,0,mlpl,128,1,0,2,1,0,1000.0,0,1024,5,1,default,2,transformer,best,,,0.95226467739452,0.9293386459350584,,0.002037904479286888,,,2.3696633468974717,2.3925893783569334,,0.42317777777777776,0.4121,,,-1.64252679049472,-1.6581582662340253,,12.235856489701705,,,0.0015236059650533954,0.9340541606599634,0.9572075724601744,7.7295121062885634,7.9119915008544925,0.02057073468511755,0.02083127126097679
QminimalityQsFinal,cifar10,all,False,False,decay,adam,5e-05,last,0,cdibS,0,mlpl,128,1,0,2,1,0,1000.0,0,1024,5,1,default,4,transformer,best,,,0.9214384122328324,0.9062046527862548,,0.0021304975856434216,,,2.40048961205916,2.4157233715057367,,0.41042222222222224,0.409,,,-1.6638752554761038,-1.6741381264381108,,12.235757567665793,,,0.0030129172585227275,1.027549074454741,1.0525859951972962,9.670435905456543,9.908503723144529,0.021747999401255092,0.02208563983440399
QminimalityQsFinal,cifar10,all,False,False,decay,adam,5e-05,last,0,cdibS,0,mlpl,128,1,0,2,1,0,1000.0,0,1024,5,1,default,3,transformer,best,,,0.9132611101323908,0.8996923446655274,,0.0011067282069813118,,,2.408666914159601,2.422235679626465,,0.40953333333333336,0.4096,,,-1.6695745612730584,-1.6787692451037466,,12.236791480671275,,,0.003017284871018163,1.0363241217353127,1.0603453874588014,12.095685351978648,12.378939437866213,0.023368210362439804,0.023618287593126296
QminimalityQsFinal,cifar10,all,False,False,decay,adam,5e-05,last,0,cdibS,0,mlpl,128,1,0,2,1,0,10.0,0,1024,5,1,default,0,transformer,best,,,3.287045402960344,-0.12093582153320312,,0.013899077068675648,,,0.034882605245167564,3.4428638458251952,,0.9999777777777776,0.5161,,,-0.024177761041214708,-2.3856832220114885,,12.223989876833828,,,0.004568411251540253,0.987189677628604,0.9693289279937743,1.9626128510995344,1.935532641410828,0.009839247573505749,0.009685407392680643
QminimalityQsFinal,cifar10,all,False,False,decay,adam,5e-05,last,0,cdibS,0,mlpl,128,1,0,2,1,0,10.0,0,1024,5,1,default,2,transformer,best,,,3.290491916916587,-0.08803834915161132,,0.011259859258478338,,,0.031436095437542964,3.4099663734436034,,0.9998888888888888,0.5121,,,-0.021789441923738002,-2.3639644344179853,,12.226634632457387,,,0.005830762681407448,0.9612207412719728,0.975096905231476,2.910311991518194,2.964278507232666,0.011206407269293613,0.011342410556972026
QminimalityQsFinal,cifar10,all,False,False,decay,adam,5e-05,last,0,cdibS,0,mlpl,128,1,0,2,1,0,10.0,0,1024,5,1,default,1,transformer,best,,,3.293735905127092,-0.010593986511230469,,0.011090137741782448,,,0.028192117556252262,3.3325220108032227,,0.9999555555555556,0.5164,,,-0.019541853688966482,-2.308449256311791,,12.226788477464154,,,0.0029969843864092733,1.0058289143172177,1.0193821907043457,2.752566110004078,2.8041319370269777,0.013291435993530531,0.013498458452522757
QminimalityQsFinal,cifar10,all,False,False,decay,adam,5e-05,last,0,cdibS,0,mlpl,128,1,0,2,1,0,10.0,0,1024,5,1,default,4,transformer,best,,,3.287601286714727,-0.12064137458801268,,0.016314820809797806,,,0.03432673791592771,3.442569398880005,,0.9999555555555556,0.5118,,,-0.02379137225708901,-2.386019941793778,,12.221573309464887,,,0.003161014976097572,1.0137527205727317,1.034069561958313,2.574765010313554,2.62332763671875,0.01312181040305983,0.013382512331008909
QminimalityQsFinal,cifar10,all,False,False,decay,adam,5e-05,last,0,cdibS,0,mlpl,128,1,0,2,1,0,10.0,0,1024,5,1,default,3,transformer,best,,,3.290617444298484,-0.1354555606842041,,0.012436162341724745,,,0.031310562044382095,3.4573835849761965,,0.9998666666666668,0.5114,,,-0.02170166816387199,-2.3939787856049883,,12.225461916490035,,,0.004198367511238134,1.0312783149155704,1.0465487718582154,3.292025772008029,3.3507146358489983,0.013155399144373156,0.013381553068757056
QminimalityQsFinal,cifar10,all,False,False,decay,adam,5e-05,last,0,cdibS,0,mlpl,128,1,0,2,1,0,1.0,0,1024,5,1,default,0,transformer,best,,,3.320176525549455,-1.1963436126708984,,0.03098477016795765,,,0.0017514991341158748,4.518271636962892,,1.0,0.5295,,,-0.0012139407369405502,-3.1300784100905514,,12.20690410787409,,,0.006147726559647682,1.0038946270942688,1.0027793288230895,1.0380770780823447,1.0384285688400268,0.007228647718544711,0.007248486671596765
QminimalityQsFinal,cifar10,all,False,False,decay,adam,5e-05,last,0,cdibS,0,mlpl,128,1,0,2,1,0,1.0,0,1024,5,1,default,2,transformer,best,,,3.319866668094288,-1.1810443878173829,,0.042640035802667786,,,0.0020613574623976924,4.502972412109375,,1.0,0.5261,,,-0.001428723717167776,-3.1193116672888035,,12.195254412564365,,,0.005064647795728368,0.9928879602388904,0.98961980342865,0.9663652777671814,0.9666396379470824,0.007550887657668103,0.007567978184670209
QminimalityQsFinal,cifar10,all,False,False,decay,adam,5e-05,last,0,cdibS,0,mlpl,128,1,0,2,1,0,1.0,0,1024,5,1,default,1,transformer,best,,,3.320114785974676,-1.2016805648803708,,0.03969322551380505,,,0.0018132315123115075,4.523608589172364,,1.0,0.5264,,,-0.0012567974754748128,-3.137071602965813,,12.198185400529342,,,0.004231525712223896,0.9966344345699656,0.9956184387207032,0.9813736081123352,0.9832387328147888,0.007613590664484284,0.007657627295702695
QminimalityQsFinal,cifar10,all,False,False,decay,adam,5e-05,last,0,cdibS,0,mlpl,128,1,0,2,1,0,1.0,0,1024,5,1,default,3,transformer,best,,,3.319948423992504,-1.0234613418579102,,0.029675537889653988,,,0.0019796261172318323,4.3453893661499015,,1.0,0.5244,,,-0.0013721722804412705,-3.0123041020064245,,12.208222562616522,,,0.004135215399952081,1.0155153762210498,1.01566379070282,1.0228078744628213,1.025616359710693,0.007665389810096134,0.007718257885426283
QminimalityQsFinal,cifar10,all,False,False,decay,adam,5e-05,last,0,cdibS,0,mlpl,128,1,0,2,1,0,1.0,0,1024,5,1,default,4,transformer,best,,,3.3198129805651577,-1.1280868530273438,,0.033409747210415924,,,0.0021150481611998248,4.450014877319336,,1.0,0.5253,,,-0.0014658730702069493,-3.0820124982073787,,12.204478307203813,,,0.004294566404823841,0.996756759556857,0.9920843839645386,0.9867205728184092,0.9858355402946472,0.007068905111571605,0.007074004132300616
QminimalityQsFinal,cifar10,all,False,False,decay,adam,5e-05,last,0,cdibS,0,mlpl,128,1,0,2,1,0,0.01,0,1024,5,1,default,0,transformer,best,,,3.3218951658769087,-1.657734203338623,,0.045100916515697136,,,3.286860390455165e-05,4.979662227630615,,1.0,0.5367,,,-2.2775837250812006e-05,-3.4515078910124743,,12.19278808073564,,,0.005077951186849672,1.004297600551085,0.9869601726531982,0.5460156581618569,0.54225013256073,0.006181170169094747,0.006180276814848185
QminimalityQsFinal,cifar10,all,False,False,decay,adam,5e-05,last,0,cdibS,0,mlpl,128,1,0,2,1,0,0.01,0,1024,5,1,default,1,transformer,best,,,3.32189218564467,-1.5358736991882325,,0.044275630604137084,,,3.583897788220466e-05,4.8578017234802235,,1.0,0.54,,,-2.4834658643895425e-05,-3.3650292195867557,,12.19360299543901,,,0.004713612083276287,0.9957653798840262,0.9757158279418944,0.5446395305070011,0.5405063033103943,0.006227957677434792,0.006223918218165636
QminimalityQsFinal,cifar10,all,False,False,decay,adam,5e-05,last,0,cdibS,0,mlpl,128,1,0,2,1,0,0.01,0,1024,5,1,default,3,transformer,best,,,3.3218869404359297,-1.392680549621582,,0.04337617484006015,,,4.108821386497849e-05,4.7146085739135755,,1.0,0.5329999999999999,,,-2.847342188705713e-05,-3.2685163466081613,,12.194521947340533,,,0.003945090553977273,1.0024856952103702,0.9810041069984436,0.5625545517964796,0.5578177809715271,0.006276166511022232,0.006271522771567106
QminimalityQsFinal,cifar10,all,False,False,decay,adam,5e-05,last,0,cdibS,0,mlpl,128,1,0,2,1,0,0.01,0,1024,5,1,default,2,transformer,best,,,3.321896368807012,-1.5970594406127934,,0.046944694085554635,,,3.166968326695496e-05,4.918987464904785,,1.0,0.5348,,,-2.1944094421476573e-05,-3.4063508748706113,,12.190949830141935,,,0.004904828832374954,1.0036260729486293,0.9856479287147522,0.5561320239847357,0.5520159125328064,0.006475749721919949,0.006474380753934385
QminimalityQsFinal,cifar10,all,False,False,decay,adam,5e-05,last,0,cdibS,0,mlpl,128,1,0,2,1,0,0.01,0,1024,5,1,default,4,transformer,best,,,3.3218997500159513,-1.7690248489379885,,0.04505426233465022,,,2.828924805891637e-05,5.0909528732299805,,1.0,0.5287,,,-1.9599357541495976e-05,-3.5263680333621195,,12.192833943800492,,,0.005495102747638279,1.0001154271039097,0.9815669059753418,0.5481194664131511,0.5442982912063599,0.00608096889812838,0.006074233446270227
QminimalityQsFinal,cifar10,all,False,False,decay,adam,5e-05,last,0,cdibS,0,mlpl,128,1,0,2,1,0,0.1,0,1024,5,1,default,0,transformer,best,,,3.3217518871480767,-1.5578222274780271,,0.04364894736896862,,,0.00017613327972040597,4.87975025177002,,1.0,0.5358,,,-0.00012206124610653132,-3.38297760962139,,12.194239919835873,,,0.00435241498665115,1.0046167888424613,0.9914501786231996,0.6318818655881014,0.6286162853240966,0.0063273186626082115,0.00632455749437213
QminimalityQsFinal,cifar10,all,False,False,decay,adam,5e-05,last,0,cdibS,0,mlpl,128,1,0,2,1,0,0.1,0,1024,5,1,default,2,transformer,best,,,3.321706013246016,-1.4190218925476077,,0.042809681458906686,,,0.00022202397138409486,4.7409499168395985,,1.0,0.528,,,-0.000153901115667537,-3.282991443261668,,12.195084918629039,,,0.005091299145445418,1.0023529285734352,0.9863234400749208,0.6100540323690935,0.6064228415489197,0.006424489028921182,0.00642227940261364
QminimalityQsFinal,cifar10,all,False,False,decay,adam,5e-05,last,0,cdibS,0,mlpl,128,1,0,2,1,0,0.1,0,1024,5,1,default,1,transformer,best,,,3.3217344609173862,-1.4136578559875488,,0.042708667841824616,,,0.0001935612559794787,4.735585880279541,,1.0,0.5378,,,-0.00013415494121562924,-3.2810668584175104,,12.195169752294367,,,0.002577470749475173,0.993482451547276,0.9775818467140198,0.6121971498836171,0.6087475776672363,0.006272971460765058,0.006268764566630125
QminimalityQsFinal,cifar10,all,False,False,decay,adam,5e-05,last,0,cdibS,0,mlpl,128,1,0,2,1,0,0.1,0,1024,5,1,default,3,transformer,best,,,3.3217572840777314,-1.4724810600280762,,0.046245542439547455,,,0.00017074924306309018,4.794409084320068,,1.0,0.5356,,,-0.00011832629522488152,-3.3230792806551914,,12.191652514717795,,,0.003271118921709566,1.0060519061305306,0.9894447684288024,0.6172290525653146,0.6132936239242553,0.006499074505303393,0.006493797060102224
QminimalityQsFinal,cifar10,all,False,False,decay,adam,5e-05,last,0,cdibS,0,mlpl,128,1,0,2,1,0,0.1,0,1024,5,1,default,4,transformer,best,,,3.3217178149656816,-1.4127710342407227,,0.050005110827359284,,,0.00021020289568696168,4.734699058532715,,1.0,0.5335,,,-0.00014569004813704805,-3.2798103883908434,,12.187883030284535,,,0.004912271600606972,0.9990086961876262,0.983108127117157,0.6144031638448889,0.6110859513282776,0.006380399710244753,0.006374271493405104
QminimalityQsFinal,cifar10,all,False,False,decay,adam,5e-05,last,0,cdibS,0,mlpl,128,1,0,2,1,0,0.0001,0,1024,5,1,default,4,transformer,best,,,3.3219252824783325,-1.7753074645996094,,0.0709521011872725,,,2.7396497133932742e-06,5.097235488891601,,1.0,0.5374,,,-1.8922712196404255e-06,-3.531776265440268,,12.166936007412998,,,0.010809060995402063,1.000567390160127,0.9769770979881288,0.5196629952300679,0.5149424076080322,0.00609146208841015,0.0060881488025188455
QminimalityQsFinal,cifar10,all,False,False,decay,adam,5e-05,last,0,cdibS,0,mlpl,128,1,0,2,1,0,0.0001,0,1024,5,1,default,3,transformer,best,,,3.3219215328043163,-1.618818187713623,,0.15079109235243365,,,6.473868035589642e-06,4.9407462120056165,,1.0,0.5299,,,-4.47943804335343e-06,-3.4229085660221377,,12.087107224897904,,,0.008244113706245436,1.001335477287119,0.9778286576271056,0.5216120671142231,0.5166468143463134,0.006140440787104043,0.006136997696012258
QminimalityQsFinal,cifar10,all,False,False,decay,adam,5e-05,last,0,cdibS,0,mlpl,128,1,0,2,1,0,0.0001,0,1024,5,1,default,2,transformer,best,,,3.3219248706644238,-1.693613052368164,,0.091237642548301,,,3.159484818256301e-06,5.015541076660156,,1.0,0.5385,,,-2.182448255310494e-06,-3.4750776801800725,,12.146656729958274,,,0.009055531429696057,1.0037122937765988,0.9789338827133178,0.522200421853499,0.5169277429580689,0.006315969205884771,0.006313767004758121
QminimalityQsFinal,cifar10,all,False,False,decay,adam,5e-05,last,0,cdibS,0,mlpl,128,1,0,2,1,0,0.0001,0,1024,5,1,default,1,transformer,best,,,3.32192611694336,-1.8635759353637693,,0.05496404387734153,,,1.8811228828367759e-06,5.185503959655762,,1.0,0.5417,,,-1.2972891109160716e-06,-3.5927319423767394,,12.18291443044489,,,0.0061076381163859975,0.994951616634022,0.9706913590431212,0.5111318257721987,0.5061643362045288,0.006179129493168809,0.006177151389420032
QminimalityQsFinal,cifar10,all,False,False,decay,adam,5e-05,last,0,cdibS,0,mlpl,128,1,0,2,1,0,0.0001,0,1024,5,1,default,0,transformer,best,,,3.321926149454984,-1.9098308563232425,,0.06601903655312279,,,1.8256086439743573e-06,5.231758880615233,,1.0,0.5393,,,-1.2592014931718786e-06,-3.6234270778733646,,12.171869841488926,,,0.005473376103847207,1.0035517622124066,0.980873441696167,0.5124117542396892,0.5076472043991089,0.006076533961194483,0.006073869206011296
QminimalityQsFinal,cifar10,all,False,False,decay,adam,5e-05,last,0,cdibS,0,mlpl,128,1,0,2,1,0,0.001,0,1024,5,1,default,4,transformer,best,,,3.3219226490367544,-1.8387800216674808,,0.05121944167397239,,,5.3860244820084935e-06,5.160708045959471,,1.0,0.5363,,,-3.7263735006699027e-06,-3.5723658890201047,,12.186668612740256,,,0.004657746754061701,1.0017802634022452,0.9819143176078796,0.5220815539360046,0.5178945302963257,0.006059381666339256,0.006055001541972161
QminimalityQsFinal,cifar10,all,False,False,decay,adam,5e-05,last,0,cdibS,0,mlpl,128,1,0,2,1,0,0.001,0,1024,5,1,default,3,transformer,best,,,3.3219212510369043,-1.745976734161377,,0.07184401425448331,,,6.753802960123391e-06,5.067904758453369,,1.0,0.5328,,,-4.674057044842546e-06,-3.513846403111057,,12.166054075414484,,,0.007521206987039066,1.0018695267764004,0.9778740406036376,0.5195627862756903,0.5144652605056763,0.006143177626654507,0.006139830686151981
QminimalityQsFinal,cifar10,all,False,False,decay,adam,5e-05,last,0,cdibS,0,mlpl,128,1,0,2,1,0,0.001,0,1024,5,1,default,2,transformer,best,,,3.321917945688421,-1.7178275108337402,,0.048700180920687584,,,1.0077140194136353e-05,5.0397555351257335,,1.0,0.5264,,,-6.977789859084125e-06,-3.4925998874700768,,12.189194375818426,,,0.007034886705914568,1.0026095374064012,0.9807965874671936,0.5361020077358593,0.5311747789382935,0.00622345979156142,0.006220051832497121
QminimalityQsFinal,cifar10,all,False,False,decay,adam,5e-05,last,0,cdibS,0,mlpl,128,1,0,2,1,0,0.001,0,1024,5,1,default,1,transformer,best,,,3.3219239061528985,-2.109753894805908,,0.055540615862066094,,,4.1215922175814e-06,5.4316819190979,,1.0,0.535,,,-2.850254465602752e-06,-3.7617824608898713,,12.182337890971795,,,0.005568795066630158,0.9953772561116652,0.9749075770378112,0.5233727232976393,0.5189076542854311,0.006211261307312684,0.006209877971559763
QminimalityQsFinal,cifar10,all,False,False,decay,adam,5e-05,last,0,cdibS,0,mlpl,128,1,0,2,1,0,0.001,0,1024,5,1,default,0,transformer,best,,,3.3219231475483286,-1.8906205177307132,,0.043984023007479583,,,4.856461497514498e-06,5.212548542022705,,1.0,0.5377,,,-3.3594218794825617e-06,-3.611413891366772,,12.193904920057815,,,0.004978454300155166,1.003892055966637,0.983487868309021,0.5356506867842241,0.5313696980476379,0.006098434985191984,0.0060969821177423
